=== 2026-02-17 10:28:02 - Start ===
[main 279ffd1] Automatic commit 2026-02-17 10:28
 160 files changed, 1754 insertions(+), 2229270 deletions(-)
 delete mode 100644 .version.txt
 delete mode 100644 ARCHITECTURE_FIX_SUMMARY.md
 rewrite cron.log (100%)
 create mode 100644 db/address.js
 rename cron_output.log => efor_2.0_changes.txt (100%)
 delete mode 100644 logs.txt
 create mode 100644 logs/log-2026-02-17.txt
 delete mode 100644 migrations/add_order_position_column.sql
 delete mode 100644 public/admin/base.js
 create mode 100644 public/img/add_address.png
 create mode 100644 public/img/delete_address.png
 create mode 100644 public/img/edit_address.png
 create mode 100644 public/img/location.png
 create mode 100644 public/img/mail.png
 create mode 100644 public/scripts/createNewAddress.js
 delete mode 100644 public/scripts/delivery.js
 delete mode 100644 public/styles/mobile/responsive.css
 create mode 100644 public/styles/new-address-modal.css
 delete mode 100644 routes/1.js
 delete mode 100644 services/versionManager copy.js
 delete mode 100755 sync_photos.sh
 delete mode 100644 templates/about.njk
 delete mode 100644 templates/address/create_new_address.njk
 delete mode 100644 templates/mailTemplate.njk
 rewrite templates/new-order.njk (87%)
 delete mode 100644 test_encoding_fix.js
To https://github.com/PawelWrHkl/eform.git
   1a19b46..279ffd1  main -> main
=== 2026-02-17 10:28:04 - Koniec (Exit: 0) ===
=== 2026-02-17 10:35:01 - Start ===
[main 73bf0b4] Automatic commit 2026-02-17 10:35
 2 files changed, 32 insertions(+)
 create mode 100644 cron_output.log
fatal: could not read Username for 'https://github.com': Nie ma takiego urządzenia ani adresu
=== 2026-02-17 10:35:01 - Koniec (Exit: 0) ===
=== 2026-02-18 10:35:01 - Start ===
[main 2d19f00] Automatic commit 2026-02-18 10:35
 27 files changed, 832 insertions(+), 287 deletions(-)
 create mode 100644 .version.txt
 rewrite public/img/add_address.png (99%)
 create mode 100644 public/img/add_mail.png
 rewrite public/img/delete_address.png (99%)
 create mode 100644 public/img/delete_mail.png
 create mode 100644 public/img/edit_mail.png
 rewrite public/img/mail.png (98%)
 create mode 100644 public/scripts/components/api_connector.js
 create mode 100644 public/scripts/components/info.js
 create mode 100644 public/scripts/new-order.js
 create mode 100644 routes/address.js
fatal: could not read Username for 'https://github.com': Nie ma takiego urządzenia ani adresu
=== 2026-02-18 10:35:02 - Koniec (Exit: 0) ===
=== 2026-02-18 12:00:01 - Start ===
fatal: detected dubious ownership in repository at '/home/pawel/projects/eform-project/eform'
To add an exception for this directory, call:

	git config --global --add safe.directory /home/pawel/projects/eform-project/eform
fatal: detected dubious ownership in repository at '/home/pawel/projects/eform-project/eform'
To add an exception for this directory, call:

	git config --global --add safe.directory /home/pawel/projects/eform-project/eform
fatal: detected dubious ownership in repository at '/home/pawel/projects/eform-project/eform'
To add an exception for this directory, call:

	git config --global --add safe.directory /home/pawel/projects/eform-project/eform
=== 2026-02-18 12:00:01 - Koniec (Exit: 0) ===
=== 2026-02-19 10:35:01 - Start ===
[main a3d6d32] Automatic commit 2026-02-19 10:35
 5 files changed, 105 insertions(+), 37 deletions(-)
fatal: could not read Username for 'https://github.com': Nie ma takiego urządzenia ani adresu
=== 2026-02-19 10:35:01 - Koniec (Exit: 0) ===
=== 2026-02-19 12:00:01 - Start ===
fatal: detected dubious ownership in repository at '/home/pawel/projects/eform-project/eform'
To add an exception for this directory, call:

	git config --global --add safe.directory /home/pawel/projects/eform-project/eform
fatal: detected dubious ownership in repository at '/home/pawel/projects/eform-project/eform'
To add an exception for this directory, call:

	git config --global --add safe.directory /home/pawel/projects/eform-project/eform
fatal: detected dubious ownership in repository at '/home/pawel/projects/eform-project/eform'
To add an exception for this directory, call:

	git config --global --add safe.directory /home/pawel/projects/eform-project/eform
=== 2026-02-19 12:00:01 - Koniec (Exit: 0) ===
=== 2026-02-20 10:35:01 - Start ===
[main fdfa3f2] Automatic commit 2026-02-20 10:35
 3 files changed, 47 insertions(+), 28 deletions(-)
fatal: could not read Username for 'https://github.com': Nie ma takiego urządzenia ani adresu
=== 2026-02-20 10:35:01 - Koniec (Exit: 0) ===
=== 2026-02-20 12:00:01 - Start ===
fatal: detected dubious ownership in repository at '/home/pawel/projects/eform-project/eform'
To add an exception for this directory, call:

	git config --global --add safe.directory /home/pawel/projects/eform-project/eform
fatal: detected dubious ownership in repository at '/home/pawel/projects/eform-project/eform'
To add an exception for this directory, call:

	git config --global --add safe.directory /home/pawel/projects/eform-project/eform
fatal: detected dubious ownership in repository at '/home/pawel/projects/eform-project/eform'
To add an exception for this directory, call:

	git config --global --add safe.directory /home/pawel/projects/eform-project/eform
=== 2026-02-20 12:00:01 - Koniec (Exit: 0) ===
=== 2026-02-21 10:35:01 - Start ===
[main 8437ef6] Automatic commit 2026-02-21 10:35
 1 file changed, 19 insertions(+)
fatal: could not read Username for 'https://github.com': Nie ma takiego urządzenia ani adresu
=== 2026-02-21 10:35:01 - Koniec (Exit: 0) ===
=== 2026-02-21 12:00:01 - Start ===
fatal: detected dubious ownership in repository at '/home/pawel/projects/eform-project/eform'
To add an exception for this directory, call:

	git config --global --add safe.directory /home/pawel/projects/eform-project/eform
fatal: detected dubious ownership in repository at '/home/pawel/projects/eform-project/eform'
To add an exception for this directory, call:

	git config --global --add safe.directory /home/pawel/projects/eform-project/eform
fatal: detected dubious ownership in repository at '/home/pawel/projects/eform-project/eform'
To add an exception for this directory, call:

	git config --global --add safe.directory /home/pawel/projects/eform-project/eform
=== 2026-02-21 12:00:01 - Koniec (Exit: 0) ===
=== 2026-02-22 10:35:01 - Start ===
[main 33fed90] Automatic commit 2026-02-22 10:35
 1 file changed, 19 insertions(+)
fatal: could not read Username for 'https://github.com': Nie ma takiego urządzenia ani adresu
=== 2026-02-22 10:35:01 - Koniec (Exit: 0) ===
=== 2026-02-22 12:00:01 - Start ===
fatal: detected dubious ownership in repository at '/home/pawel/projects/eform-project/eform'
To add an exception for this directory, call:

	git config --global --add safe.directory /home/pawel/projects/eform-project/eform
fatal: detected dubious ownership in repository at '/home/pawel/projects/eform-project/eform'
To add an exception for this directory, call:

	git config --global --add safe.directory /home/pawel/projects/eform-project/eform
fatal: detected dubious ownership in repository at '/home/pawel/projects/eform-project/eform'
To add an exception for this directory, call:

	git config --global --add safe.directory /home/pawel/projects/eform-project/eform
=== 2026-02-22 12:00:01 - Koniec (Exit: 0) ===
=== 2026-02-23 10:35:01 - Start ===
[main 5934279] Automatic commit 2026-02-23 10:35
 1 file changed, 19 insertions(+)
fatal: could not read Username for 'https://github.com': Nie ma takiego urządzenia ani adresu
=== 2026-02-23 10:35:02 - Koniec (Exit: 0) ===
=== 2026-02-23 12:00:01 - Start ===
fatal: detected dubious ownership in repository at '/home/pawel/projects/eform-project/eform'
To add an exception for this directory, call:

	git config --global --add safe.directory /home/pawel/projects/eform-project/eform
fatal: detected dubious ownership in repository at '/home/pawel/projects/eform-project/eform'
To add an exception for this directory, call:

	git config --global --add safe.directory /home/pawel/projects/eform-project/eform
fatal: detected dubious ownership in repository at '/home/pawel/projects/eform-project/eform'
To add an exception for this directory, call:

	git config --global --add safe.directory /home/pawel/projects/eform-project/eform
=== 2026-02-23 12:00:01 - Koniec (Exit: 0) ===
=== 2026-02-24 10:35:01 - Start ===
[main f0ab73f] Automatic commit 2026-02-24 10:35
 1 file changed, 19 insertions(+)
fatal: could not read Username for 'https://github.com': Nie ma takiego urządzenia ani adresu
=== 2026-02-24 10:35:02 - Koniec (Exit: 0) ===
=== 2026-02-24 12:00:01 - Start ===
fatal: detected dubious ownership in repository at '/home/pawel/projects/eform-project/eform'
To add an exception for this directory, call:

	git config --global --add safe.directory /home/pawel/projects/eform-project/eform
fatal: detected dubious ownership in repository at '/home/pawel/projects/eform-project/eform'
To add an exception for this directory, call:

	git config --global --add safe.directory /home/pawel/projects/eform-project/eform
fatal: detected dubious ownership in repository at '/home/pawel/projects/eform-project/eform'
To add an exception for this directory, call:

	git config --global --add safe.directory /home/pawel/projects/eform-project/eform
=== 2026-02-24 12:00:01 - Koniec (Exit: 0) ===
=== 2026-02-25 10:35:01 - Start ===
[main 7a52ec4] Automatic commit 2026-02-25 10:35
 1 file changed, 19 insertions(+)
fatal: could not read Username for 'https://github.com': Nie ma takiego urządzenia ani adresu
=== 2026-02-25 10:35:01 - Koniec (Exit: 0) ===
=== 2026-02-25 12:00:01 - Start ===
fatal: detected dubious ownership in repository at '/home/pawel/projects/eform-project/eform'
To add an exception for this directory, call:

	git config --global --add safe.directory /home/pawel/projects/eform-project/eform
fatal: detected dubious ownership in repository at '/home/pawel/projects/eform-project/eform'
To add an exception for this directory, call:

	git config --global --add safe.directory /home/pawel/projects/eform-project/eform
fatal: detected dubious ownership in repository at '/home/pawel/projects/eform-project/eform'
To add an exception for this directory, call:

	git config --global --add safe.directory /home/pawel/projects/eform-project/eform
=== 2026-02-25 12:00:01 - Koniec (Exit: 0) ===
=== 2026-02-26 10:35:01 - Start ===
[main f9cbe1a] Automatic commit 2026-02-26 10:35
 1 file changed, 19 insertions(+)
fatal: could not read Username for 'https://github.com': Nie ma takiego urządzenia ani adresu
=== 2026-02-26 10:35:01 - Koniec (Exit: 0) ===
=== 2026-02-26 12:00:01 - Start ===
fatal: detected dubious ownership in repository at '/home/pawel/projects/eform-project/eform'
To add an exception for this directory, call:

	git config --global --add safe.directory /home/pawel/projects/eform-project/eform
fatal: detected dubious ownership in repository at '/home/pawel/projects/eform-project/eform'
To add an exception for this directory, call:

	git config --global --add safe.directory /home/pawel/projects/eform-project/eform
fatal: detected dubious ownership in repository at '/home/pawel/projects/eform-project/eform'
To add an exception for this directory, call:

	git config --global --add safe.directory /home/pawel/projects/eform-project/eform
=== 2026-02-26 12:00:01 - Koniec (Exit: 0) ===
=== 2026-02-27 10:35:01 - Start ===
[main 8c4d2ac] Automatic commit 2026-02-27 10:35
 1 file changed, 19 insertions(+)
fatal: could not read Username for 'https://github.com': Nie ma takiego urządzenia ani adresu
=== 2026-02-27 10:35:01 - Koniec (Exit: 0) ===
=== 2026-02-27 12:00:01 - Start ===
fatal: detected dubious ownership in repository at '/home/pawel/projects/eform-project/eform'
To add an exception for this directory, call:

	git config --global --add safe.directory /home/pawel/projects/eform-project/eform
fatal: detected dubious ownership in repository at '/home/pawel/projects/eform-project/eform'
To add an exception for this directory, call:

	git config --global --add safe.directory /home/pawel/projects/eform-project/eform
fatal: detected dubious ownership in repository at '/home/pawel/projects/eform-project/eform'
To add an exception for this directory, call:

	git config --global --add safe.directory /home/pawel/projects/eform-project/eform
=== 2026-02-27 12:00:01 - Koniec (Exit: 0) ===
=== 2026-02-28 10:35:01 - Start ===
[main 6d671df] Automatic commit 2026-02-28 10:35
 1 file changed, 19 insertions(+)
fatal: could not read Username for 'https://github.com': Nie ma takiego urządzenia ani adresu
=== 2026-02-28 10:35:02 - Koniec (Exit: 0) ===
=== 2026-02-28 12:00:01 - Start ===
fatal: detected dubious ownership in repository at '/home/pawel/projects/eform-project/eform'
To add an exception for this directory, call:

	git config --global --add safe.directory /home/pawel/projects/eform-project/eform
fatal: detected dubious ownership in repository at '/home/pawel/projects/eform-project/eform'
To add an exception for this directory, call:

	git config --global --add safe.directory /home/pawel/projects/eform-project/eform
fatal: detected dubious ownership in repository at '/home/pawel/projects/eform-project/eform'
To add an exception for this directory, call:

	git config --global --add safe.directory /home/pawel/projects/eform-project/eform
=== 2026-02-28 12:00:01 - Koniec (Exit: 0) ===
=== 2026-03-01 10:35:01 - Start ===
[main ffd589a] Automatic commit 2026-03-01 10:35
 3 files changed, 33 insertions(+), 1 deletion(-)
fatal: could not read Username for 'https://github.com': Nie ma takiego urządzenia ani adresu
=== 2026-03-01 10:35:01 - Koniec (Exit: 0) ===
=== 2026-03-01 12:00:01 - Start ===
fatal: detected dubious ownership in repository at '/home/pawel/projects/eform-project/eform'
To add an exception for this directory, call:

	git config --global --add safe.directory /home/pawel/projects/eform-project/eform
fatal: detected dubious ownership in repository at '/home/pawel/projects/eform-project/eform'
To add an exception for this directory, call:

	git config --global --add safe.directory /home/pawel/projects/eform-project/eform
fatal: detected dubious ownership in repository at '/home/pawel/projects/eform-project/eform'
To add an exception for this directory, call:

	git config --global --add safe.directory /home/pawel/projects/eform-project/eform
=== 2026-03-01 12:00:01 - Koniec (Exit: 0) ===
=== 2026-03-02 10:35:01 - Start ===
[main 982a42d] Automatic commit 2026-03-02 10:35
 1 file changed, 19 insertions(+)
fatal: could not read Username for 'https://github.com': Nie ma takiego urządzenia ani adresu
=== 2026-03-02 10:35:01 - Koniec (Exit: 0) ===
=== 2026-03-02 12:00:01 - Start ===
fatal: detected dubious ownership in repository at '/home/pawel/projects/eform-project/eform'
To add an exception for this directory, call:

	git config --global --add safe.directory /home/pawel/projects/eform-project/eform
fatal: detected dubious ownership in repository at '/home/pawel/projects/eform-project/eform'
To add an exception for this directory, call:

	git config --global --add safe.directory /home/pawel/projects/eform-project/eform
fatal: detected dubious ownership in repository at '/home/pawel/projects/eform-project/eform'
To add an exception for this directory, call:

	git config --global --add safe.directory /home/pawel/projects/eform-project/eform
=== 2026-03-02 12:00:01 - Koniec (Exit: 0) ===
=== 2026-03-03 10:35:01 - Start ===
[main 0a03583] Automatic commit 2026-03-03 10:35
 1 file changed, 19 insertions(+)
fatal: could not read Username for 'https://github.com': Nie ma takiego urządzenia ani adresu
=== 2026-03-03 10:35:01 - Koniec (Exit: 0) ===
=== 2026-03-03 12:00:01 - Start ===
fatal: detected dubious ownership in repository at '/home/pawel/projects/eform-project/eform'
To add an exception for this directory, call:

	git config --global --add safe.directory /home/pawel/projects/eform-project/eform
fatal: detected dubious ownership in repository at '/home/pawel/projects/eform-project/eform'
To add an exception for this directory, call:

	git config --global --add safe.directory /home/pawel/projects/eform-project/eform
fatal: detected dubious ownership in repository at '/home/pawel/projects/eform-project/eform'
To add an exception for this directory, call:

	git config --global --add safe.directory /home/pawel/projects/eform-project/eform
=== 2026-03-03 12:00:01 - Koniec (Exit: 0) ===
=== 2026-03-04 10:35:01 - Start ===
[main 0c490e8] Automatic commit 2026-03-04 10:35
 1 file changed, 19 insertions(+)
fatal: could not read Username for 'https://github.com': Nie ma takiego urządzenia ani adresu
=== 2026-03-04 10:35:02 - Koniec (Exit: 0) ===
=== 2026-03-04 12:00:01 - Start ===
fatal: detected dubious ownership in repository at '/home/pawel/projects/eform-project/eform'
To add an exception for this directory, call:

	git config --global --add safe.directory /home/pawel/projects/eform-project/eform
fatal: detected dubious ownership in repository at '/home/pawel/projects/eform-project/eform'
To add an exception for this directory, call:

	git config --global --add safe.directory /home/pawel/projects/eform-project/eform
fatal: detected dubious ownership in repository at '/home/pawel/projects/eform-project/eform'
To add an exception for this directory, call:

	git config --global --add safe.directory /home/pawel/projects/eform-project/eform
=== 2026-03-04 12:00:01 - Koniec (Exit: 0) ===
=== 2026-03-05 10:35:01 - Start ===
[main 71c9bb6] Automatic commit 2026-03-05 10:35
 1 file changed, 19 insertions(+)
fatal: could not read Username for 'https://github.com': Nie ma takiego urządzenia ani adresu
=== 2026-03-05 10:35:02 - Koniec (Exit: 0) ===
=== 2026-03-05 12:00:01 - Start ===
fatal: detected dubious ownership in repository at '/home/pawel/projects/eform-project/eform'
To add an exception for this directory, call:

	git config --global --add safe.directory /home/pawel/projects/eform-project/eform
fatal: detected dubious ownership in repository at '/home/pawel/projects/eform-project/eform'
To add an exception for this directory, call:

	git config --global --add safe.directory /home/pawel/projects/eform-project/eform
fatal: detected dubious ownership in repository at '/home/pawel/projects/eform-project/eform'
To add an exception for this directory, call:

	git config --global --add safe.directory /home/pawel/projects/eform-project/eform
=== 2026-03-05 12:00:01 - Koniec (Exit: 0) ===
=== 2026-03-06 10:35:01 - Start ===
[main 569a030] Automatic commit 2026-03-06 10:35
 1 file changed, 19 insertions(+)
fatal: could not read Username for 'https://github.com': Nie ma takiego urządzenia ani adresu
=== 2026-03-06 10:35:01 - Koniec (Exit: 0) ===
=== 2026-03-06 12:00:01 - Start ===
fatal: detected dubious ownership in repository at '/home/pawel/projects/eform-project/eform'
To add an exception for this directory, call:

	git config --global --add safe.directory /home/pawel/projects/eform-project/eform
fatal: detected dubious ownership in repository at '/home/pawel/projects/eform-project/eform'
To add an exception for this directory, call:

	git config --global --add safe.directory /home/pawel/projects/eform-project/eform
fatal: detected dubious ownership in repository at '/home/pawel/projects/eform-project/eform'
To add an exception for this directory, call:

	git config --global --add safe.directory /home/pawel/projects/eform-project/eform
=== 2026-03-06 12:00:01 - Koniec (Exit: 0) ===
=== 2026-03-07 10:35:01 - Start ===
[main 5b41499] Automatic commit 2026-03-07 10:35
 1 file changed, 19 insertions(+)
fatal: could not read Username for 'https://github.com': Nie ma takiego urządzenia ani adresu
=== 2026-03-07 10:35:01 - Koniec (Exit: 0) ===
=== 2026-03-07 12:00:01 - Start ===
fatal: detected dubious ownership in repository at '/home/pawel/projects/eform-project/eform'
To add an exception for this directory, call:

	git config --global --add safe.directory /home/pawel/projects/eform-project/eform
fatal: detected dubious ownership in repository at '/home/pawel/projects/eform-project/eform'
To add an exception for this directory, call:

	git config --global --add safe.directory /home/pawel/projects/eform-project/eform
fatal: detected dubious ownership in repository at '/home/pawel/projects/eform-project/eform'
To add an exception for this directory, call:

	git config --global --add safe.directory /home/pawel/projects/eform-project/eform
=== 2026-03-07 12:00:01 - Koniec (Exit: 0) ===
=== 2026-03-08 10:35:01 - Start ===
[main 775abfd] Automatic commit 2026-03-08 10:35
 1 file changed, 19 insertions(+)
fatal: could not read Username for 'https://github.com': Nie ma takiego urządzenia ani adresu
=== 2026-03-08 10:35:02 - Koniec (Exit: 0) ===
=== 2026-03-08 12:00:01 - Start ===
fatal: detected dubious ownership in repository at '/home/pawel/projects/eform-project/eform'
To add an exception for this directory, call:

	git config --global --add safe.directory /home/pawel/projects/eform-project/eform
fatal: detected dubious ownership in repository at '/home/pawel/projects/eform-project/eform'
To add an exception for this directory, call:

	git config --global --add safe.directory /home/pawel/projects/eform-project/eform
fatal: detected dubious ownership in repository at '/home/pawel/projects/eform-project/eform'
To add an exception for this directory, call:

	git config --global --add safe.directory /home/pawel/projects/eform-project/eform
=== 2026-03-08 12:00:01 - Koniec (Exit: 0) ===
=== 2026-03-09 10:35:01 - Start ===
[main 2bb0242] Automatic commit 2026-03-09 10:35
 1 file changed, 19 insertions(+)
fatal: could not read Username for 'https://github.com': Nie ma takiego urządzenia ani adresu
=== 2026-03-09 10:35:01 - Koniec (Exit: 0) ===
=== 2026-03-09 12:00:01 - Start ===
fatal: detected dubious ownership in repository at '/home/pawel/projects/eform-project/eform'
To add an exception for this directory, call:

	git config --global --add safe.directory /home/pawel/projects/eform-project/eform
fatal: detected dubious ownership in repository at '/home/pawel/projects/eform-project/eform'
To add an exception for this directory, call:

	git config --global --add safe.directory /home/pawel/projects/eform-project/eform
fatal: detected dubious ownership in repository at '/home/pawel/projects/eform-project/eform'
To add an exception for this directory, call:

	git config --global --add safe.directory /home/pawel/projects/eform-project/eform
=== 2026-03-09 12:00:01 - Koniec (Exit: 0) ===
=== 2026-03-10 10:35:01 - Start ===
[main eeefc9d] Automatic commit 2026-03-10 10:35
 1 file changed, 19 insertions(+)
fatal: could not read Username for 'https://github.com': Nie ma takiego urządzenia ani adresu
=== 2026-03-10 10:35:01 - Koniec (Exit: 0) ===
=== 2026-03-10 12:00:01 - Start ===
fatal: detected dubious ownership in repository at '/home/pawel/projects/eform-project/eform'
To add an exception for this directory, call:

	git config --global --add safe.directory /home/pawel/projects/eform-project/eform
fatal: detected dubious ownership in repository at '/home/pawel/projects/eform-project/eform'
To add an exception for this directory, call:

	git config --global --add safe.directory /home/pawel/projects/eform-project/eform
fatal: detected dubious ownership in repository at '/home/pawel/projects/eform-project/eform'
To add an exception for this directory, call:

	git config --global --add safe.directory /home/pawel/projects/eform-project/eform
=== 2026-03-10 12:00:01 - Koniec (Exit: 0) ===
=== 2026-03-11 10:35:01 - Start ===
[main 7ff31d0] Automatic commit 2026-03-11 10:35
 10 files changed, 136 insertions(+), 76 deletions(-)
 create mode 100644 public/scripts/edit-order.js
fatal: could not read Username for 'https://github.com': Nie ma takiego urządzenia ani adresu
=== 2026-03-11 10:35:01 - Koniec (Exit: 0) ===
=== 2026-03-11 12:00:01 - Start ===
fatal: detected dubious ownership in repository at '/home/pawel/projects/eform-project/eform'
To add an exception for this directory, call:

	git config --global --add safe.directory /home/pawel/projects/eform-project/eform
fatal: detected dubious ownership in repository at '/home/pawel/projects/eform-project/eform'
To add an exception for this directory, call:

	git config --global --add safe.directory /home/pawel/projects/eform-project/eform
fatal: detected dubious ownership in repository at '/home/pawel/projects/eform-project/eform'
To add an exception for this directory, call:

	git config --global --add safe.directory /home/pawel/projects/eform-project/eform
=== 2026-03-11 12:00:01 - Koniec (Exit: 0) ===
=== 2026-03-12 10:35:01 - Start ===
[main 27878ec] Automatic commit 2026-03-12 10:35
 15 files changed, 275 insertions(+), 98 deletions(-)
fatal: could not read Username for 'https://github.com': Nie ma takiego urządzenia ani adresu
=== 2026-03-12 10:35:01 - Koniec (Exit: 0) ===
=== 2026-03-12 12:00:01 - Start ===
fatal: detected dubious ownership in repository at '/home/pawel/projects/eform-project/eform'
To add an exception for this directory, call:

	git config --global --add safe.directory /home/pawel/projects/eform-project/eform
fatal: detected dubious ownership in repository at '/home/pawel/projects/eform-project/eform'
To add an exception for this directory, call:

	git config --global --add safe.directory /home/pawel/projects/eform-project/eform
fatal: detected dubious ownership in repository at '/home/pawel/projects/eform-project/eform'
To add an exception for this directory, call:

	git config --global --add safe.directory /home/pawel/projects/eform-project/eform
=== 2026-03-12 12:00:01 - Koniec (Exit: 0) ===
=== 2026-03-13 10:35:01 - Start ===
[main 0e86f00] Automatic commit 2026-03-13 10:35
 22 files changed, 1000 insertions(+), 803 deletions(-)
 create mode 100644 .github/agents/Code Reviewer SOLID UX.agent.md
 create mode 100644 .github/agents/Efor developer.agent.md
 create mode 100644 .github/instructions/frontend-nielsen.instructions.md
 create mode 100644 .github/prompts/bugfix-ticket.prompt.md
 create mode 100644 public/scripts/components/confirmPrompt.js
 create mode 100644 public/styles/confirm-prompt.css
 rewrite public/vendor/country-select-js/build/js/countrySelect.min.js (100%)
 rewrite templates/base.njk (73%)
fatal: could not read Username for 'https://github.com': Nie ma takiego urządzenia ani adresu
=== 2026-03-13 10:35:01 - Koniec (Exit: 0) ===
=== 2026-03-13 12:00:01 - Start ===
fatal: detected dubious ownership in repository at '/home/pawel/projects/eform-project/eform'
To add an exception for this directory, call:

	git config --global --add safe.directory /home/pawel/projects/eform-project/eform
fatal: detected dubious ownership in repository at '/home/pawel/projects/eform-project/eform'
To add an exception for this directory, call:

	git config --global --add safe.directory /home/pawel/projects/eform-project/eform
fatal: detected dubious ownership in repository at '/home/pawel/projects/eform-project/eform'
To add an exception for this directory, call:

	git config --global --add safe.directory /home/pawel/projects/eform-project/eform
=== 2026-03-13 12:00:01 - Koniec (Exit: 0) ===
=== 2026-03-14 10:35:01 - Start ===
[main c22f41c] Automatic commit 2026-03-14 10:35
 1 file changed, 27 insertions(+)
fatal: could not read Username for 'https://github.com': Nie ma takiego urządzenia ani adresu
=== 2026-03-14 10:35:01 - Koniec (Exit: 0) ===
=== 2026-03-14 12:00:01 - Start ===
fatal: detected dubious ownership in repository at '/home/pawel/projects/eform-project/eform'
To add an exception for this directory, call:

	git config --global --add safe.directory /home/pawel/projects/eform-project/eform
fatal: detected dubious ownership in repository at '/home/pawel/projects/eform-project/eform'
To add an exception for this directory, call:

	git config --global --add safe.directory /home/pawel/projects/eform-project/eform
fatal: detected dubious ownership in repository at '/home/pawel/projects/eform-project/eform'
To add an exception for this directory, call:

	git config --global --add safe.directory /home/pawel/projects/eform-project/eform
=== 2026-03-14 12:00:01 - Koniec (Exit: 0) ===
=== 2026-03-15 10:35:01 - Start ===
[main b9c1bab] Automatic commit 2026-03-15 10:35
 1 file changed, 19 insertions(+)
fatal: could not read Username for 'https://github.com': Nie ma takiego urządzenia ani adresu
=== 2026-03-15 10:35:02 - Koniec (Exit: 0) ===
=== 2026-03-15 12:00:01 - Start ===
fatal: detected dubious ownership in repository at '/home/pawel/projects/eform-project/eform'
To add an exception for this directory, call:

	git config --global --add safe.directory /home/pawel/projects/eform-project/eform
fatal: detected dubious ownership in repository at '/home/pawel/projects/eform-project/eform'
To add an exception for this directory, call:

	git config --global --add safe.directory /home/pawel/projects/eform-project/eform
fatal: detected dubious ownership in repository at '/home/pawel/projects/eform-project/eform'
To add an exception for this directory, call:

	git config --global --add safe.directory /home/pawel/projects/eform-project/eform
=== 2026-03-15 12:00:01 - Koniec (Exit: 0) ===
=== 2026-03-16 10:35:01 - Start ===
[main de78bd4] Automatic commit 2026-03-16 10:35
 1 file changed, 19 insertions(+)
fatal: could not read Username for 'https://github.com': Nie ma takiego urządzenia ani adresu
=== 2026-03-16 10:35:01 - Koniec (Exit: 0) ===
=== 2026-03-16 12:00:01 - Start ===
fatal: detected dubious ownership in repository at '/home/pawel/projects/eform-project/eform'
To add an exception for this directory, call:

	git config --global --add safe.directory /home/pawel/projects/eform-project/eform
fatal: detected dubious ownership in repository at '/home/pawel/projects/eform-project/eform'
To add an exception for this directory, call:

	git config --global --add safe.directory /home/pawel/projects/eform-project/eform
fatal: detected dubious ownership in repository at '/home/pawel/projects/eform-project/eform'
To add an exception for this directory, call:

	git config --global --add safe.directory /home/pawel/projects/eform-project/eform
=== 2026-03-16 12:00:01 - Koniec (Exit: 0) ===
=== 2026-03-17 10:35:01 - Start ===
[main 29ee1ac] Automatic commit 2026-03-17 10:35
 7 files changed, 70 insertions(+), 24 deletions(-)
fatal: could not read Username for 'https://github.com': Nie ma takiego urządzenia ani adresu
=== 2026-03-17 10:35:01 - Koniec (Exit: 0) ===
=== 2026-03-17 12:00:01 - Start ===
fatal: detected dubious ownership in repository at '/home/pawel/projects/eform-project/eform'
To add an exception for this directory, call:

	git config --global --add safe.directory /home/pawel/projects/eform-project/eform
fatal: detected dubious ownership in repository at '/home/pawel/projects/eform-project/eform'
To add an exception for this directory, call:

	git config --global --add safe.directory /home/pawel/projects/eform-project/eform
fatal: detected dubious ownership in repository at '/home/pawel/projects/eform-project/eform'
To add an exception for this directory, call:

	git config --global --add safe.directory /home/pawel/projects/eform-project/eform
=== 2026-03-17 12:00:01 - Koniec (Exit: 0) ===
=== 2026-03-18 10:35:01 - Start ===
[main e7f897f] Automatic commit 2026-03-18 10:35
 3 files changed, 27 insertions(+), 7 deletions(-)
fatal: could not read Username for 'https://github.com': Nie ma takiego urządzenia ani adresu
=== 2026-03-18 10:35:01 - Koniec (Exit: 0) ===
=== 2026-03-18 12:00:01 - Start ===
fatal: detected dubious ownership in repository at '/home/pawel/projects/eform-project/eform'
To add an exception for this directory, call:

	git config --global --add safe.directory /home/pawel/projects/eform-project/eform
fatal: detected dubious ownership in repository at '/home/pawel/projects/eform-project/eform'
To add an exception for this directory, call:

	git config --global --add safe.directory /home/pawel/projects/eform-project/eform
fatal: detected dubious ownership in repository at '/home/pawel/projects/eform-project/eform'
To add an exception for this directory, call:

	git config --global --add safe.directory /home/pawel/projects/eform-project/eform
=== 2026-03-18 12:00:01 - Koniec (Exit: 0) ===
=== 2026-03-19 10:35:01 - Start ===
[main da35e23] Automatic commit 2026-03-19 10:35
 5 files changed, 42 insertions(+), 12 deletions(-)
fatal: could not read Username for 'https://github.com': Nie ma takiego urządzenia ani adresu
=== 2026-03-19 10:35:02 - Koniec (Exit: 0) ===
=== 2026-03-19 12:00:01 - Start ===
fatal: detected dubious ownership in repository at '/home/pawel/projects/eform-project/eform'
To add an exception for this directory, call:

	git config --global --add safe.directory /home/pawel/projects/eform-project/eform
fatal: detected dubious ownership in repository at '/home/pawel/projects/eform-project/eform'
To add an exception for this directory, call:

	git config --global --add safe.directory /home/pawel/projects/eform-project/eform
fatal: detected dubious ownership in repository at '/home/pawel/projects/eform-project/eform'
To add an exception for this directory, call:

	git config --global --add safe.directory /home/pawel/projects/eform-project/eform
=== 2026-03-19 12:00:01 - Koniec (Exit: 0) ===
=== 2026-03-20 10:35:01 - Start ===
[main 9e0a77f] Automatic commit 2026-03-20 10:35
 3 files changed, 21 insertions(+), 1 deletion(-)
fatal: could not read Username for 'https://github.com': Nie ma takiego urządzenia ani adresu
=== 2026-03-20 10:35:01 - Koniec (Exit: 0) ===
=== 2026-03-20 12:00:01 - Start ===
fatal: detected dubious ownership in repository at '/home/pawel/projects/eform-project/eform'
To add an exception for this directory, call:

	git config --global --add safe.directory /home/pawel/projects/eform-project/eform
fatal: detected dubious ownership in repository at '/home/pawel/projects/eform-project/eform'
To add an exception for this directory, call:

	git config --global --add safe.directory /home/pawel/projects/eform-project/eform
fatal: detected dubious ownership in repository at '/home/pawel/projects/eform-project/eform'
To add an exception for this directory, call:

	git config --global --add safe.directory /home/pawel/projects/eform-project/eform
=== 2026-03-20 12:00:01 - Koniec (Exit: 0) ===
=== 2026-03-21 10:35:01 - Start ===
[main 5e46365] Automatic commit 2026-03-21 10:35
 7 files changed, 122 insertions(+), 56 deletions(-)
fatal: could not read Username for 'https://github.com': Nie ma takiego urządzenia ani adresu
=== 2026-03-21 10:35:01 - Koniec (Exit: 0) ===
=== 2026-03-21 12:00:01 - Start ===
fatal: detected dubious ownership in repository at '/home/pawel/projects/eform-project/eform'
To add an exception for this directory, call:

	git config --global --add safe.directory /home/pawel/projects/eform-project/eform
fatal: detected dubious ownership in repository at '/home/pawel/projects/eform-project/eform'
To add an exception for this directory, call:

	git config --global --add safe.directory /home/pawel/projects/eform-project/eform
fatal: detected dubious ownership in repository at '/home/pawel/projects/eform-project/eform'
To add an exception for this directory, call:

	git config --global --add safe.directory /home/pawel/projects/eform-project/eform
=== 2026-03-21 12:00:01 - Koniec (Exit: 0) ===
=== 2026-03-22 10:35:01 - Start ===
[main dbb4990] Automatic commit 2026-03-22 10:35
 1 file changed, 19 insertions(+)
fatal: could not read Username for 'https://github.com': Nie ma takiego urządzenia ani adresu
=== 2026-03-22 10:35:02 - Koniec (Exit: 0) ===
=== 2026-03-22 12:00:01 - Start ===
fatal: detected dubious ownership in repository at '/home/pawel/projects/eform-project/eform'
To add an exception for this directory, call:

	git config --global --add safe.directory /home/pawel/projects/eform-project/eform
fatal: detected dubious ownership in repository at '/home/pawel/projects/eform-project/eform'
To add an exception for this directory, call:

	git config --global --add safe.directory /home/pawel/projects/eform-project/eform
fatal: detected dubious ownership in repository at '/home/pawel/projects/eform-project/eform'
To add an exception for this directory, call:

	git config --global --add safe.directory /home/pawel/projects/eform-project/eform
=== 2026-03-22 12:00:01 - Koniec (Exit: 0) ===
=== 2026-03-23 10:35:01 - Start ===
[main e1c6e84] Automatic commit 2026-03-23 10:35
 1 file changed, 19 insertions(+)
fatal: could not read Username for 'https://github.com': Nie ma takiego urządzenia ani adresu
=== 2026-03-23 10:35:01 - Koniec (Exit: 0) ===
=== 2026-03-23 12:00:01 - Start ===
fatal: detected dubious ownership in repository at '/home/pawel/projects/eform-project/eform'
To add an exception for this directory, call:

	git config --global --add safe.directory /home/pawel/projects/eform-project/eform
fatal: detected dubious ownership in repository at '/home/pawel/projects/eform-project/eform'
To add an exception for this directory, call:

	git config --global --add safe.directory /home/pawel/projects/eform-project/eform
fatal: detected dubious ownership in repository at '/home/pawel/projects/eform-project/eform'
To add an exception for this directory, call:

	git config --global --add safe.directory /home/pawel/projects/eform-project/eform
=== 2026-03-23 12:00:01 - Koniec (Exit: 0) ===
=== 2026-03-24 10:35:01 - Start ===
[main 3e0617d] Automatic commit 2026-03-24 10:35
 29 files changed, 1783 insertions(+), 579 deletions(-)
 create mode 100644 SPEDITION_NUMBERS_FEATURE.md
 create mode 100644 migration_add_spedition_numbers.sql
 create mode 100644 public/config/production_times.json
 create mode 100644 public/scripts/components/searchingTool.js
 rewrite templates/orders.njk (99%)
fatal: could not read Username for 'https://github.com': Nie ma takiego urządzenia ani adresu
=== 2026-03-24 10:35:02 - Koniec (Exit: 0) ===
=== 2026-03-24 12:00:01 - Start ===
fatal: detected dubious ownership in repository at '/home/pawel/projects/eform-project/eform'
To add an exception for this directory, call:

	git config --global --add safe.directory /home/pawel/projects/eform-project/eform
fatal: detected dubious ownership in repository at '/home/pawel/projects/eform-project/eform'
To add an exception for this directory, call:

	git config --global --add safe.directory /home/pawel/projects/eform-project/eform
fatal: detected dubious ownership in repository at '/home/pawel/projects/eform-project/eform'
To add an exception for this directory, call:

	git config --global --add safe.directory /home/pawel/projects/eform-project/eform
=== 2026-03-24 12:00:01 - Koniec (Exit: 0) ===
=== 2026-03-25 10:35:01 - Start ===
[main 7fa0ab0] Automatic commit 2026-03-25 10:35
 5 files changed, 54 insertions(+), 19 deletions(-)
fatal: could not read Username for 'https://github.com': Nie ma takiego urządzenia ani adresu
=== 2026-03-25 10:35:02 - Koniec (Exit: 0) ===
=== 2026-03-25 12:00:01 - Start ===
fatal: detected dubious ownership in repository at '/home/pawel/projects/eform-project/eform'
To add an exception for this directory, call:

	git config --global --add safe.directory /home/pawel/projects/eform-project/eform
fatal: detected dubious ownership in repository at '/home/pawel/projects/eform-project/eform'
To add an exception for this directory, call:

	git config --global --add safe.directory /home/pawel/projects/eform-project/eform
fatal: detected dubious ownership in repository at '/home/pawel/projects/eform-project/eform'
To add an exception for this directory, call:

	git config --global --add safe.directory /home/pawel/projects/eform-project/eform
=== 2026-03-25 12:00:01 - Koniec (Exit: 0) ===
=== 2026-03-26 10:35:01 - Start ===
[main 1b4f32d] Automatic commit 2026-03-26 10:35
 36 files changed, 495 insertions(+), 266 deletions(-)
fatal: could not read Username for 'https://github.com': Nie ma takiego urządzenia ani adresu
=== 2026-03-26 10:35:01 - Koniec (Exit: 0) ===
=== 2026-03-26 12:00:01 - Start ===
fatal: detected dubious ownership in repository at '/home/pawel/projects/eform-project/eform'
To add an exception for this directory, call:

	git config --global --add safe.directory /home/pawel/projects/eform-project/eform
fatal: detected dubious ownership in repository at '/home/pawel/projects/eform-project/eform'
To add an exception for this directory, call:

	git config --global --add safe.directory /home/pawel/projects/eform-project/eform
fatal: detected dubious ownership in repository at '/home/pawel/projects/eform-project/eform'
To add an exception for this directory, call:

	git config --global --add safe.directory /home/pawel/projects/eform-project/eform
=== 2026-03-26 12:00:01 - Koniec (Exit: 0) ===
=== 2026-03-26 14:37:07 - Start ===
[main 70c6ee3] Automatic commit 2026-03-26 14:37
 3 files changed, 39 insertions(+), 18 deletions(-)
To https://github.com/PawelWrHkl/eform.git
   279ffd1..70c6ee3  main -> main
=== 2026-03-26 14:37:09 - Koniec (Exit: 0) ===
=== 2026-03-27 10:35:01 - Start ===
[main 574aa2b] Automatic commit 2026-03-27 10:35
 13 files changed, 269 insertions(+), 236 deletions(-)
 rewrite public/img/logout.png (99%)
 rewrite templates/orders_history.njk (91%)
 rewrite templates/orders_history_owner.njk (90%)
 create mode 100755 update_all.sh
fatal: could not read Username for 'https://github.com': Nie ma takiego urządzenia ani adresu
=== 2026-03-27 10:35:01 - Koniec (Exit: 0) ===
=== 2026-03-27 12:00:01 - Start ===
fatal: detected dubious ownership in repository at '/home/pawel/projects/eform-project/eform'
To add an exception for this directory, call:

	git config --global --add safe.directory /home/pawel/projects/eform-project/eform
fatal: detected dubious ownership in repository at '/home/pawel/projects/eform-project/eform'
To add an exception for this directory, call:

	git config --global --add safe.directory /home/pawel/projects/eform-project/eform
fatal: detected dubious ownership in repository at '/home/pawel/projects/eform-project/eform'
To add an exception for this directory, call:

	git config --global --add safe.directory /home/pawel/projects/eform-project/eform
=== 2026-03-27 12:00:01 - Koniec (Exit: 0) ===
=== 2026-03-28 10:35:01 - Start ===
[main 0eaa070] Automatic commit 2026-03-28 10:35
 1 file changed, 23 insertions(+)
fatal: could not read Username for 'https://github.com': Nie ma takiego urządzenia ani adresu
=== 2026-03-28 10:35:01 - Koniec (Exit: 0) ===
=== 2026-03-28 12:00:01 - Start ===
fatal: detected dubious ownership in repository at '/home/pawel/projects/eform-project/eform'
To add an exception for this directory, call:

	git config --global --add safe.directory /home/pawel/projects/eform-project/eform
fatal: detected dubious ownership in repository at '/home/pawel/projects/eform-project/eform'
To add an exception for this directory, call:

	git config --global --add safe.directory /home/pawel/projects/eform-project/eform
fatal: detected dubious ownership in repository at '/home/pawel/projects/eform-project/eform'
To add an exception for this directory, call:

	git config --global --add safe.directory /home/pawel/projects/eform-project/eform
=== 2026-03-28 12:00:01 - Koniec (Exit: 0) ===
=== 2026-03-29 10:35:01 - Start ===
[main e62121d] Automatic commit 2026-03-29 10:35
 1 file changed, 19 insertions(+)
fatal: could not read Username for 'https://github.com': Nie ma takiego urządzenia ani adresu
=== 2026-03-29 10:35:01 - Koniec (Exit: 0) ===
=== 2026-03-29 12:00:01 - Start ===
fatal: detected dubious ownership in repository at '/home/pawel/projects/eform-project/eform'
To add an exception for this directory, call:

	git config --global --add safe.directory /home/pawel/projects/eform-project/eform
fatal: detected dubious ownership in repository at '/home/pawel/projects/eform-project/eform'
To add an exception for this directory, call:

	git config --global --add safe.directory /home/pawel/projects/eform-project/eform
fatal: detected dubious ownership in repository at '/home/pawel/projects/eform-project/eform'
To add an exception for this directory, call:

	git config --global --add safe.directory /home/pawel/projects/eform-project/eform
=== 2026-03-29 12:00:01 - Koniec (Exit: 0) ===
=== 2026-03-30 10:35:01 - Start ===
[main f7bc07f] Automatic commit 2026-03-30 10:35
 1 file changed, 19 insertions(+)
fatal: could not read Username for 'https://github.com': Nie ma takiego urządzenia ani adresu
=== 2026-03-30 10:35:01 - Koniec (Exit: 0) ===
=== 2026-03-30 12:00:01 - Start ===
fatal: detected dubious ownership in repository at '/home/pawel/projects/eform-project/eform'
To add an exception for this directory, call:

	git config --global --add safe.directory /home/pawel/projects/eform-project/eform
fatal: detected dubious ownership in repository at '/home/pawel/projects/eform-project/eform'
To add an exception for this directory, call:

	git config --global --add safe.directory /home/pawel/projects/eform-project/eform
fatal: detected dubious ownership in repository at '/home/pawel/projects/eform-project/eform'
To add an exception for this directory, call:

	git config --global --add safe.directory /home/pawel/projects/eform-project/eform
=== 2026-03-30 12:00:01 - Koniec (Exit: 0) ===
=== 2026-03-31 10:35:01 - Start ===
[main a07fa00] Automatic commit 2026-03-31 10:35
 18 files changed, 451 insertions(+), 213 deletions(-)
fatal: could not read Username for 'https://github.com': Nie ma takiego urządzenia ani adresu
=== 2026-03-31 10:35:01 - Koniec (Exit: 0) ===
=== 2026-03-31 12:00:01 - Start ===
fatal: detected dubious ownership in repository at '/home/pawel/projects/eform-project/eform'
To add an exception for this directory, call:

	git config --global --add safe.directory /home/pawel/projects/eform-project/eform
fatal: detected dubious ownership in repository at '/home/pawel/projects/eform-project/eform'
To add an exception for this directory, call:

	git config --global --add safe.directory /home/pawel/projects/eform-project/eform
fatal: detected dubious ownership in repository at '/home/pawel/projects/eform-project/eform'
To add an exception for this directory, call:

	git config --global --add safe.directory /home/pawel/projects/eform-project/eform
=== 2026-03-31 12:00:01 - Koniec (Exit: 0) ===
=== 2026-04-01 10:35:01 - Start ===
[main 5ec7a71] Automatic commit 2026-04-01 10:35
 17 files changed, 896 insertions(+), 518 deletions(-)
 create mode 100644 1.json
 rewrite services/mailBot/order-pdf.njk (79%)
 rewrite templates/order_to_print.njk (95%)
fatal: could not read Username for 'https://github.com': Nie ma takiego urządzenia ani adresu
=== 2026-04-01 10:35:01 - Koniec (Exit: 0) ===
=== 2026-04-01 12:00:01 - Start ===
fatal: detected dubious ownership in repository at '/home/pawel/projects/eform-project/eform'
To add an exception for this directory, call:

	git config --global --add safe.directory /home/pawel/projects/eform-project/eform
fatal: detected dubious ownership in repository at '/home/pawel/projects/eform-project/eform'
To add an exception for this directory, call:

	git config --global --add safe.directory /home/pawel/projects/eform-project/eform
fatal: detected dubious ownership in repository at '/home/pawel/projects/eform-project/eform'
To add an exception for this directory, call:

	git config --global --add safe.directory /home/pawel/projects/eform-project/eform
=== 2026-04-01 12:00:01 - Koniec (Exit: 0) ===
=== 2026-04-01 12:33:42 - Start ===
[main 6ec8f98] Automatic commit 2026-04-01 12:33
 6 files changed, 62 insertions(+), 5 deletions(-)
 create mode 100644 .prettierrc
To https://github.com/PawelWrHkl/eform.git
   70c6ee3..6ec8f98  main -> main
=== 2026-04-01 12:33:47 - Koniec (Exit: 0) ===
=== 2026-04-02 10:35:01 - Start ===
[main f89932c] Automatic commit 2026-04-02 10:35
 16 files changed, 276 insertions(+), 53 deletions(-)
 create mode 100644 public/img/key-chain.png
 create mode 100644 public/scripts/pwds.js
 create mode 100644 templates/owner/pwds.njk
fatal: could not read Username for 'https://github.com': Nie ma takiego urządzenia ani adresu
=== 2026-04-02 10:35:02 - Koniec (Exit: 0) ===
=== 2026-04-02 12:00:01 - Start ===
fatal: detected dubious ownership in repository at '/home/pawel/projects/eform-project/eform'
To add an exception for this directory, call:

	git config --global --add safe.directory /home/pawel/projects/eform-project/eform
fatal: detected dubious ownership in repository at '/home/pawel/projects/eform-project/eform'
To add an exception for this directory, call:

	git config --global --add safe.directory /home/pawel/projects/eform-project/eform
fatal: detected dubious ownership in repository at '/home/pawel/projects/eform-project/eform'
To add an exception for this directory, call:

	git config --global --add safe.directory /home/pawel/projects/eform-project/eform
=== 2026-04-02 12:00:01 - Koniec (Exit: 0) ===
=== 2026-04-03 10:35:01 - Start ===
[main bfa2226] Automatic commit 2026-04-03 10:35
 15 files changed, 507 insertions(+), 64 deletions(-)
 create mode 100644 services/sessionService.js
fatal: could not read Username for 'https://github.com': Nie ma takiego urządzenia ani adresu
=== 2026-04-03 10:35:02 - Koniec (Exit: 0) ===
=== 2026-04-03 12:00:01 - Start ===
fatal: detected dubious ownership in repository at '/home/pawel/projects/eform-project/eform'
To add an exception for this directory, call:

	git config --global --add safe.directory /home/pawel/projects/eform-project/eform
fatal: detected dubious ownership in repository at '/home/pawel/projects/eform-project/eform'
To add an exception for this directory, call:

	git config --global --add safe.directory /home/pawel/projects/eform-project/eform
fatal: detected dubious ownership in repository at '/home/pawel/projects/eform-project/eform'
To add an exception for this directory, call:

	git config --global --add safe.directory /home/pawel/projects/eform-project/eform
=== 2026-04-03 12:00:01 - Koniec (Exit: 0) ===
=== 2026-04-04 10:35:01 - Start ===
[main 8d1d25e] Automatic commit 2026-04-04 10:35
 14 files changed, 989 insertions(+), 63 deletions(-)
 create mode 100644 services/translationDict/dbRepository.js
 create mode 100644 services/translationDict/fileScanner.js
 create mode 100644 services/translationDict/index.js
 create mode 100644 services/translationDict/itemTranslator.js
 create mode 100644 services/translationDict/parser.js
fatal: could not read Username for 'https://github.com': Nie ma takiego urządzenia ani adresu
=== 2026-04-04 10:35:01 - Koniec (Exit: 0) ===
=== 2026-04-04 12:00:01 - Start ===
fatal: detected dubious ownership in repository at '/home/pawel/projects/eform-project/eform'
To add an exception for this directory, call:

	git config --global --add safe.directory /home/pawel/projects/eform-project/eform
fatal: detected dubious ownership in repository at '/home/pawel/projects/eform-project/eform'
To add an exception for this directory, call:

	git config --global --add safe.directory /home/pawel/projects/eform-project/eform
fatal: detected dubious ownership in repository at '/home/pawel/projects/eform-project/eform'
To add an exception for this directory, call:

	git config --global --add safe.directory /home/pawel/projects/eform-project/eform
=== 2026-04-04 12:00:01 - Koniec (Exit: 0) ===
=== 2026-04-05 10:35:01 - Start ===
[main 9df6aef] Automatic commit 2026-04-05 10:35
 2 files changed, 26 insertions(+), 3 deletions(-)
fatal: could not read Username for 'https://github.com': Nie ma takiego urządzenia ani adresu
=== 2026-04-05 10:35:02 - Koniec (Exit: 0) ===
=== 2026-04-05 12:00:01 - Start ===
fatal: detected dubious ownership in repository at '/home/pawel/projects/eform-project/eform'
To add an exception for this directory, call:

	git config --global --add safe.directory /home/pawel/projects/eform-project/eform
fatal: detected dubious ownership in repository at '/home/pawel/projects/eform-project/eform'
To add an exception for this directory, call:

	git config --global --add safe.directory /home/pawel/projects/eform-project/eform
fatal: detected dubious ownership in repository at '/home/pawel/projects/eform-project/eform'
To add an exception for this directory, call:

	git config --global --add safe.directory /home/pawel/projects/eform-project/eform
=== 2026-04-05 12:00:01 - Koniec (Exit: 0) ===
=== 2026-04-06 10:35:01 - Start ===
[main a0c6101] Automatic commit 2026-04-06 10:35
 1 file changed, 19 insertions(+)
fatal: could not read Username for 'https://github.com': Nie ma takiego urządzenia ani adresu
=== 2026-04-06 10:35:01 - Koniec (Exit: 0) ===
=== 2026-04-06 12:00:01 - Start ===
fatal: detected dubious ownership in repository at '/home/pawel/projects/eform-project/eform'
To add an exception for this directory, call:

	git config --global --add safe.directory /home/pawel/projects/eform-project/eform
fatal: detected dubious ownership in repository at '/home/pawel/projects/eform-project/eform'
To add an exception for this directory, call:

	git config --global --add safe.directory /home/pawel/projects/eform-project/eform
fatal: detected dubious ownership in repository at '/home/pawel/projects/eform-project/eform'
To add an exception for this directory, call:

	git config --global --add safe.directory /home/pawel/projects/eform-project/eform
=== 2026-04-06 12:00:01 - Koniec (Exit: 0) ===
=== 2026-04-07 10:35:01 - Start ===
[main 9e20392] Automatic commit 2026-04-07 10:35
 6 files changed, 51 insertions(+), 3 deletions(-)
fatal: could not read Username for 'https://github.com': Nie ma takiego urządzenia ani adresu
=== 2026-04-07 10:35:01 - Koniec (Exit: 0) ===
=== 2026-04-07 12:00:01 - Start ===
fatal: detected dubious ownership in repository at '/home/pawel/projects/eform-project/eform'
To add an exception for this directory, call:

	git config --global --add safe.directory /home/pawel/projects/eform-project/eform
fatal: detected dubious ownership in repository at '/home/pawel/projects/eform-project/eform'
To add an exception for this directory, call:

	git config --global --add safe.directory /home/pawel/projects/eform-project/eform
fatal: detected dubious ownership in repository at '/home/pawel/projects/eform-project/eform'
To add an exception for this directory, call:

	git config --global --add safe.directory /home/pawel/projects/eform-project/eform
=== 2026-04-07 12:00:01 - Koniec (Exit: 0) ===
=== 2026-04-08 10:35:01 - Start ===
[main 7552961] Automatic commit 2026-04-08 10:35
 11 files changed, 88 insertions(+), 32 deletions(-)
 create mode 100644 public/img/pdf-translate.png
fatal: could not read Username for 'https://github.com': Nie ma takiego urządzenia ani adresu
=== 2026-04-08 10:35:01 - Koniec (Exit: 0) ===
=== 2026-04-09 10:35:01 - Start ===
[main fe83b76] Automatic commit 2026-04-09 10:35
 13 files changed, 441 insertions(+), 27 deletions(-)
 create mode 100644 migration_delivery_groups.sql
 create mode 100644 services/groupSync.js
 create mode 100644 services/productionDays.js
fatal: could not read Username for 'https://github.com': Nie ma takiego urządzenia ani adresu
=== 2026-04-09 10:35:01 - Koniec (Exit: 0) ===
=== 2026-04-09 12:00:01 - Start ===
fatal: detected dubious ownership in repository at '/home/pawel/projects/eform-project/eform'
To add an exception for this directory, call:

	git config --global --add safe.directory /home/pawel/projects/eform-project/eform
fatal: detected dubious ownership in repository at '/home/pawel/projects/eform-project/eform'
To add an exception for this directory, call:

	git config --global --add safe.directory /home/pawel/projects/eform-project/eform
fatal: detected dubious ownership in repository at '/home/pawel/projects/eform-project/eform'
To add an exception for this directory, call:

	git config --global --add safe.directory /home/pawel/projects/eform-project/eform
=== 2026-04-09 12:00:01 - Koniec (Exit: 0) ===
=== 2026-04-10 10:35:01 - Start ===
[main 157db12] Automatic commit 2026-04-10 10:35
 19 files changed, 278 insertions(+), 72 deletions(-)
fatal: could not read Username for 'https://github.com': Nie ma takiego urządzenia ani adresu
=== 2026-04-10 10:35:01 - Koniec (Exit: 0) ===
=== 2026-04-10 12:00:01 - Start ===
fatal: detected dubious ownership in repository at '/home/pawel/projects/eform-project/eform'
To add an exception for this directory, call:

	git config --global --add safe.directory /home/pawel/projects/eform-project/eform
fatal: detected dubious ownership in repository at '/home/pawel/projects/eform-project/eform'
To add an exception for this directory, call:

	git config --global --add safe.directory /home/pawel/projects/eform-project/eform
fatal: detected dubious ownership in repository at '/home/pawel/projects/eform-project/eform'
To add an exception for this directory, call:

	git config --global --add safe.directory /home/pawel/projects/eform-project/eform
=== 2026-04-10 12:00:01 - Koniec (Exit: 0) ===
=== 2026-04-11 10:35:01 - Start ===
[main a6a5e23] Automatic commit 2026-04-11 10:35
 49 files changed, 2349 insertions(+), 1110 deletions(-)
 create mode 100644 public/scripts/themeToggle.js
 rewrite public/styles/login.css (78%)
 rewrite public/styles/main.css (73%)
 create mode 100644 public/styles/theme.css
fatal: could not read Username for 'https://github.com': Nie ma takiego urządzenia ani adresu
=== 2026-04-11 10:35:01 - Koniec (Exit: 0) ===
=== 2026-04-11 12:00:01 - Start ===
fatal: detected dubious ownership in repository at '/home/pawel/projects/eform-project/eform'
To add an exception for this directory, call:

	git config --global --add safe.directory /home/pawel/projects/eform-project/eform
fatal: detected dubious ownership in repository at '/home/pawel/projects/eform-project/eform'
To add an exception for this directory, call:

	git config --global --add safe.directory /home/pawel/projects/eform-project/eform
fatal: detected dubious ownership in repository at '/home/pawel/projects/eform-project/eform'
To add an exception for this directory, call:

	git config --global --add safe.directory /home/pawel/projects/eform-project/eform
=== 2026-04-11 12:00:01 - Koniec (Exit: 0) ===
=== 2026-04-12 10:35:01 - Start ===
[main 1a3b2d9] Automatic commit 2026-04-12 10:35
 1 file changed, 23 insertions(+)
fatal: could not read Username for 'https://github.com': Nie ma takiego urządzenia ani adresu
=== 2026-04-12 10:35:01 - Koniec (Exit: 0) ===
=== 2026-04-12 12:00:01 - Start ===
fatal: detected dubious ownership in repository at '/home/pawel/projects/eform-project/eform'
To add an exception for this directory, call:

	git config --global --add safe.directory /home/pawel/projects/eform-project/eform
fatal: detected dubious ownership in repository at '/home/pawel/projects/eform-project/eform'
To add an exception for this directory, call:

	git config --global --add safe.directory /home/pawel/projects/eform-project/eform
fatal: detected dubious ownership in repository at '/home/pawel/projects/eform-project/eform'
To add an exception for this directory, call:

	git config --global --add safe.directory /home/pawel/projects/eform-project/eform
=== 2026-04-12 12:00:01 - Koniec (Exit: 0) ===
=== 2026-04-13 10:35:01 - Start ===
[main b6a7f11] Automatic commit 2026-04-13 10:35
 27 files changed, 869 insertions(+), 362 deletions(-)
 create mode 100644 public/img/hkl-login-image_dark.png
fatal: could not read Username for 'https://github.com': Nie ma takiego urządzenia ani adresu
=== 2026-04-13 10:35:01 - Koniec (Exit: 0) ===
=== 2026-04-13 12:00:01 - Start ===
fatal: detected dubious ownership in repository at '/home/pawel/projects/eform-project/eform'
To add an exception for this directory, call:

	git config --global --add safe.directory /home/pawel/projects/eform-project/eform
fatal: detected dubious ownership in repository at '/home/pawel/projects/eform-project/eform'
To add an exception for this directory, call:

	git config --global --add safe.directory /home/pawel/projects/eform-project/eform
fatal: detected dubious ownership in repository at '/home/pawel/projects/eform-project/eform'
To add an exception for this directory, call:

	git config --global --add safe.directory /home/pawel/projects/eform-project/eform
=== 2026-04-13 12:00:01 - Koniec (Exit: 0) ===
=== 2026-04-14 10:35:01 - Start ===
[main 9881732] Automatic commit 2026-04-14 10:35
 34 files changed, 427 insertions(+), 76 deletions(-)
 create mode 100644 migration_max_prod_days.sql
fatal: could not read Username for 'https://github.com': Nie ma takiego urządzenia ani adresu
=== 2026-04-14 10:35:02 - Koniec (Exit: 0) ===
=== 2026-04-14 12:00:01 - Start ===
fatal: detected dubious ownership in repository at '/home/pawel/projects/eform-project/eform'
To add an exception for this directory, call:

	git config --global --add safe.directory /home/pawel/projects/eform-project/eform
fatal: detected dubious ownership in repository at '/home/pawel/projects/eform-project/eform'
To add an exception for this directory, call:

	git config --global --add safe.directory /home/pawel/projects/eform-project/eform
fatal: detected dubious ownership in repository at '/home/pawel/projects/eform-project/eform'
To add an exception for this directory, call:

	git config --global --add safe.directory /home/pawel/projects/eform-project/eform
=== 2026-04-14 12:00:01 - Koniec (Exit: 0) ===
=== 2026-04-15 10:35:01 - Start ===
[main b542f09] Automatic commit 2026-04-15 10:35
 16 files changed, 944 insertions(+), 703 deletions(-)
 rewrite locales/en.json (99%)
 rewrite locales/pl.json (98%)
 rewrite public/scripts/intro/main.js (81%)
fatal: could not read Username for 'https://github.com': Nie ma takiego urządzenia ani adresu
=== 2026-04-15 10:35:01 - Koniec (Exit: 0) ===
=== 2026-04-15 12:00:01 - Start ===
fatal: detected dubious ownership in repository at '/home/pawel/projects/eform-project/eform'
To add an exception for this directory, call:

	git config --global --add safe.directory /home/pawel/projects/eform-project/eform
fatal: detected dubious ownership in repository at '/home/pawel/projects/eform-project/eform'
To add an exception for this directory, call:

	git config --global --add safe.directory /home/pawel/projects/eform-project/eform
fatal: detected dubious ownership in repository at '/home/pawel/projects/eform-project/eform'
To add an exception for this directory, call:

	git config --global --add safe.directory /home/pawel/projects/eform-project/eform
=== 2026-04-15 12:00:01 - Koniec (Exit: 0) ===
=== 2026-04-16 10:35:01 - Start ===
[main bf1e988] Automatic commit 2026-04-16 10:35
 26 files changed, 542 insertions(+), 244 deletions(-)
 rewrite public/scripts/owner/owner.js (87%)
fatal: could not read Username for 'https://github.com': Nie ma takiego urządzenia ani adresu
=== 2026-04-16 10:35:02 - Koniec (Exit: 0) ===
=== 2026-04-16 12:00:01 - Start ===
fatal: detected dubious ownership in repository at '/home/pawel/projects/eform-project/eform'
To add an exception for this directory, call:

	git config --global --add safe.directory /home/pawel/projects/eform-project/eform
fatal: detected dubious ownership in repository at '/home/pawel/projects/eform-project/eform'
To add an exception for this directory, call:

	git config --global --add safe.directory /home/pawel/projects/eform-project/eform
fatal: detected dubious ownership in repository at '/home/pawel/projects/eform-project/eform'
To add an exception for this directory, call:

	git config --global --add safe.directory /home/pawel/projects/eform-project/eform
=== 2026-04-16 12:00:01 - Koniec (Exit: 0) ===
=== 2026-04-17 10:35:01 - Start ===
[main f22445c] Automatic commit 2026-04-17 10:35
 3 files changed, 26 insertions(+), 4 deletions(-)
fatal: could not read Username for 'https://github.com': Nie ma takiego urządzenia ani adresu
=== 2026-04-17 10:35:01 - Koniec (Exit: 0) ===
=== 2026-04-17 12:00:01 - Start ===
fatal: detected dubious ownership in repository at '/home/pawel/projects/eform-project/eform'
To add an exception for this directory, call:

	git config --global --add safe.directory /home/pawel/projects/eform-project/eform
fatal: detected dubious ownership in repository at '/home/pawel/projects/eform-project/eform'
To add an exception for this directory, call:

	git config --global --add safe.directory /home/pawel/projects/eform-project/eform
fatal: detected dubious ownership in repository at '/home/pawel/projects/eform-project/eform'
To add an exception for this directory, call:

	git config --global --add safe.directory /home/pawel/projects/eform-project/eform
=== 2026-04-17 12:00:01 - Koniec (Exit: 0) ===
=== 2026-04-18 10:35:01 - Start ===
[main ce10b1c] Automatic commit 2026-04-18 10:35
 23 files changed, 190 insertions(+), 76 deletions(-)
fatal: could not read Username for 'https://github.com': Nie ma takiego urządzenia ani adresu
=== 2026-04-18 10:35:02 - Koniec (Exit: 0) ===
=== 2026-04-18 12:00:01 - Start ===
fatal: detected dubious ownership in repository at '/home/pawel/projects/eform-project/eform'
To add an exception for this directory, call:

	git config --global --add safe.directory /home/pawel/projects/eform-project/eform
fatal: detected dubious ownership in repository at '/home/pawel/projects/eform-project/eform'
To add an exception for this directory, call:

	git config --global --add safe.directory /home/pawel/projects/eform-project/eform
fatal: detected dubious ownership in repository at '/home/pawel/projects/eform-project/eform'
To add an exception for this directory, call:

	git config --global --add safe.directory /home/pawel/projects/eform-project/eform
=== 2026-04-18 12:00:01 - Koniec (Exit: 0) ===
=== 2026-04-19 10:35:01 - Start ===
[main 9243873] Automatic commit 2026-04-19 10:35
 15 files changed, 446 insertions(+), 81 deletions(-)
fatal: could not read Username for 'https://github.com': Nie ma takiego urządzenia ani adresu
=== 2026-04-19 10:35:01 - Koniec (Exit: 0) ===
=== 2026-04-19 12:00:01 - Start ===
fatal: detected dubious ownership in repository at '/home/pawel/projects/eform-project/eform'
To add an exception for this directory, call:

	git config --global --add safe.directory /home/pawel/projects/eform-project/eform
fatal: detected dubious ownership in repository at '/home/pawel/projects/eform-project/eform'
To add an exception for this directory, call:

	git config --global --add safe.directory /home/pawel/projects/eform-project/eform
fatal: detected dubious ownership in repository at '/home/pawel/projects/eform-project/eform'
To add an exception for this directory, call:

	git config --global --add safe.directory /home/pawel/projects/eform-project/eform
=== 2026-04-19 12:00:01 - Koniec (Exit: 0) ===
=== 2026-04-20 10:35:01 - Start ===
[main 8645a58] Automatic commit 2026-04-20 10:35
 6 files changed, 33 insertions(+), 8 deletions(-)
fatal: could not read Username for 'https://github.com': Nie ma takiego urządzenia ani adresu
=== 2026-04-20 10:35:01 - Koniec (Exit: 0) ===
=== 2026-04-20 12:00:01 - Start ===
fatal: detected dubious ownership in repository at '/home/pawel/projects/eform-project/eform'
To add an exception for this directory, call:

	git config --global --add safe.directory /home/pawel/projects/eform-project/eform
fatal: detected dubious ownership in repository at '/home/pawel/projects/eform-project/eform'
To add an exception for this directory, call:

	git config --global --add safe.directory /home/pawel/projects/eform-project/eform
fatal: detected dubious ownership in repository at '/home/pawel/projects/eform-project/eform'
To add an exception for this directory, call:

	git config --global --add safe.directory /home/pawel/projects/eform-project/eform
=== 2026-04-20 12:00:01 - Koniec (Exit: 0) ===
=== 2026-04-21 10:35:01 - Start ===
[main c153508] Automatic commit 2026-04-21 10:35
 12 files changed, 534 insertions(+), 1576 deletions(-)
 rewrite data/1.json (99%)
 create mode 100644 migration_recent_clients.sql
fatal: could not read Username for 'https://github.com': Nie ma takiego urządzenia ani adresu
=== 2026-04-21 10:35:01 - Koniec (Exit: 0) ===
=== 2026-04-21 12:00:01 - Start ===
fatal: detected dubious ownership in repository at '/home/pawel/projects/eform-project/eform'
To add an exception for this directory, call:

	git config --global --add safe.directory /home/pawel/projects/eform-project/eform
fatal: detected dubious ownership in repository at '/home/pawel/projects/eform-project/eform'
To add an exception for this directory, call:

	git config --global --add safe.directory /home/pawel/projects/eform-project/eform
fatal: detected dubious ownership in repository at '/home/pawel/projects/eform-project/eform'
To add an exception for this directory, call:

	git config --global --add safe.directory /home/pawel/projects/eform-project/eform
=== 2026-04-21 12:00:02 - Koniec (Exit: 0) ===
=== 2026-04-22 10:35:01 - Start ===
[main 627f73a] Automatic commit 2026-04-22 10:35
 1 file changed, 21 insertions(+)
fatal: could not read Username for 'https://github.com': Nie ma takiego urządzenia ani adresu
=== 2026-04-22 10:35:01 - Koniec (Exit: 0) ===
=== 2026-04-22 12:00:01 - Start ===
fatal: detected dubious ownership in repository at '/home/pawel/projects/eform-project/eform'
To add an exception for this directory, call:

	git config --global --add safe.directory /home/pawel/projects/eform-project/eform
fatal: detected dubious ownership in repository at '/home/pawel/projects/eform-project/eform'
To add an exception for this directory, call:

	git config --global --add safe.directory /home/pawel/projects/eform-project/eform
fatal: detected dubious ownership in repository at '/home/pawel/projects/eform-project/eform'
To add an exception for this directory, call:

	git config --global --add safe.directory /home/pawel/projects/eform-project/eform
=== 2026-04-22 12:00:01 - Koniec (Exit: 0) ===
=== 2026-04-23 10:35:01 - Start ===
[main 31c3391] Automatic commit 2026-04-23 10:35
 10 files changed, 2411 insertions(+), 12 deletions(-)
 create mode 100644 db/admin/reports.js
 create mode 100644 migration_all.sql
 create mode 100644 migration_report_configs.sql
 create mode 100644 public/scripts/admin/reports.js
 create mode 100644 public/styles/admin/reports.css
 create mode 100644 templates/admin/reports.njk
fatal: could not read Username for 'https://github.com': Nie ma takiego urządzenia ani adresu
=== 2026-04-23 10:35:01 - Koniec (Exit: 0) ===
=== 2026-04-23 12:00:01 - Start ===
fatal: detected dubious ownership in repository at '/home/pawel/projects/eform-project/eform'
To add an exception for this directory, call:

	git config --global --add safe.directory /home/pawel/projects/eform-project/eform
fatal: detected dubious ownership in repository at '/home/pawel/projects/eform-project/eform'
To add an exception for this directory, call:

	git config --global --add safe.directory /home/pawel/projects/eform-project/eform
fatal: detected dubious ownership in repository at '/home/pawel/projects/eform-project/eform'
To add an exception for this directory, call:

	git config --global --add safe.directory /home/pawel/projects/eform-project/eform
=== 2026-04-23 12:00:01 - Koniec (Exit: 0) ===
=== 2026-04-24 10:35:01 - Start ===
[main 998685b] Automatic commit 2026-04-24 10:35
 18 files changed, 880 insertions(+), 300 deletions(-)
 rewrite data/1.json (99%)
 create mode 100644 public/scripts/components/mobile-toast.css
 create mode 100644 public/styles/mobile/responsive.css
fatal: could not read Username for 'https://github.com': Nie ma takiego urządzenia ani adresu
=== 2026-04-24 10:35:02 - Koniec (Exit: 0) ===
=== 2026-04-24 12:00:01 - Start ===
fatal: detected dubious ownership in repository at '/home/pawel/projects/eform-project/eform'
To add an exception for this directory, call:

	git config --global --add safe.directory /home/pawel/projects/eform-project/eform
fatal: detected dubious ownership in repository at '/home/pawel/projects/eform-project/eform'
To add an exception for this directory, call:

	git config --global --add safe.directory /home/pawel/projects/eform-project/eform
fatal: detected dubious ownership in repository at '/home/pawel/projects/eform-project/eform'
To add an exception for this directory, call:

	git config --global --add safe.directory /home/pawel/projects/eform-project/eform
=== 2026-04-24 12:00:01 - Koniec (Exit: 0) ===
=== 2026-04-25 10:35:01 - Start ===
[main 66b9162] Automatic commit 2026-04-25 10:35
 24 files changed, 1330 insertions(+), 18 deletions(-)
 create mode 100644 db/group.js
 create mode 100644 img/TCN.png
 create mode 100644 migration_group_users.sql
 create mode 100644 public/scripts/group/pending_orders.js
 create mode 100644 public/scripts/group/shops.js
 create mode 100644 public/styles/group/shops.css
 create mode 100644 routes/group.js
 create mode 100644 templates/group/pending_orders.njk
 create mode 100644 templates/group/shop_form.njk
 create mode 100644 templates/group/shops.njk
fatal: could not read Username for 'https://github.com': Nie ma takiego urządzenia ani adresu
=== 2026-04-25 10:35:02 - Koniec (Exit: 0) ===
=== 2026-04-25 12:00:01 - Start ===
fatal: detected dubious ownership in repository at '/home/pawel/projects/eform-project/eform'
To add an exception for this directory, call:

	git config --global --add safe.directory /home/pawel/projects/eform-project/eform
fatal: detected dubious ownership in repository at '/home/pawel/projects/eform-project/eform'
To add an exception for this directory, call:

	git config --global --add safe.directory /home/pawel/projects/eform-project/eform
fatal: detected dubious ownership in repository at '/home/pawel/projects/eform-project/eform'
To add an exception for this directory, call:

	git config --global --add safe.directory /home/pawel/projects/eform-project/eform
=== 2026-04-25 12:00:01 - Koniec (Exit: 0) ===
=== 2026-04-26 10:35:01 - Start ===
[main 92f7bd8] Automatic commit 2026-04-26 10:35
 34 files changed, 2284 insertions(+), 233 deletions(-)
 create mode 100644 public/scripts/group/panel.js
 create mode 100644 public/scripts/group/shop_form.js
 create mode 100644 public/styles/group/panel.css
 create mode 100644 templates/group/panel.njk
 create mode 100644 templates/group/shop_orders.njk
 create mode 100644 utils/formatClient.js
fatal: could not read Username for 'https://github.com': Nie ma takiego urządzenia ani adresu
=== 2026-04-26 10:35:02 - Koniec (Exit: 0) ===
=== 2026-04-26 12:00:01 - Start ===
fatal: detected dubious ownership in repository at '/home/pawel/projects/eform-project/eform'
To add an exception for this directory, call:

	git config --global --add safe.directory /home/pawel/projects/eform-project/eform
fatal: detected dubious ownership in repository at '/home/pawel/projects/eform-project/eform'
To add an exception for this directory, call:

	git config --global --add safe.directory /home/pawel/projects/eform-project/eform
fatal: detected dubious ownership in repository at '/home/pawel/projects/eform-project/eform'
To add an exception for this directory, call:

	git config --global --add safe.directory /home/pawel/projects/eform-project/eform
=== 2026-04-26 12:00:01 - Koniec (Exit: 0) ===
=== 2026-04-27 10:35:01 - Start ===
[main af859b3] Automatic commit 2026-04-27 10:35
 1 file changed, 25 insertions(+)
fatal: could not read Username for 'https://github.com': Nie ma takiego urządzenia ani adresu
=== 2026-04-27 10:35:02 - Koniec (Exit: 0) ===
=== 2026-04-27 12:00:01 - Start ===
fatal: detected dubious ownership in repository at '/home/pawel/projects/eform-project/eform'
To add an exception for this directory, call:

	git config --global --add safe.directory /home/pawel/projects/eform-project/eform
fatal: detected dubious ownership in repository at '/home/pawel/projects/eform-project/eform'
To add an exception for this directory, call:

	git config --global --add safe.directory /home/pawel/projects/eform-project/eform
fatal: detected dubious ownership in repository at '/home/pawel/projects/eform-project/eform'
To add an exception for this directory, call:

	git config --global --add safe.directory /home/pawel/projects/eform-project/eform
=== 2026-04-27 12:00:01 - Koniec (Exit: 0) ===
=== 2026-04-28 10:35:01 - Start ===
[main c3263c9] Automatic commit 2026-04-28 10:35
 40 files changed, 1076 insertions(+), 950 deletions(-)
 create mode 100644 migration_total_sub.sql
 create mode 100644 public/scripts/admin/admin_panel.js
 create mode 100644 public/scripts/admin/login_history.js
 create mode 100644 public/scripts/pdf.js
fatal: could not read Username for 'https://github.com': Nie ma takiego urządzenia ani adresu
=== 2026-04-28 10:35:02 - Koniec (Exit: 0) ===
=== 2026-04-28 12:00:01 - Start ===
fatal: detected dubious ownership in repository at '/home/pawel/projects/eform-project/eform'
To add an exception for this directory, call:

	git config --global --add safe.directory /home/pawel/projects/eform-project/eform
fatal: detected dubious ownership in repository at '/home/pawel/projects/eform-project/eform'
To add an exception for this directory, call:

	git config --global --add safe.directory /home/pawel/projects/eform-project/eform
fatal: detected dubious ownership in repository at '/home/pawel/projects/eform-project/eform'
To add an exception for this directory, call:

	git config --global --add safe.directory /home/pawel/projects/eform-project/eform
=== 2026-04-28 12:00:01 - Koniec (Exit: 0) ===
=== 2026-04-29 10:35:01 - Start ===
[main 2ba8ebb] Automatic commit 2026-04-29 10:35
 10 files changed, 165 insertions(+), 45 deletions(-)
fatal: could not read Username for 'https://github.com': Nie ma takiego urządzenia ani adresu
=== 2026-04-29 10:35:02 - Koniec (Exit: 0) ===
=== 2026-04-29 12:00:01 - Start ===
fatal: detected dubious ownership in repository at '/home/pawel/projects/eform-project/eform'
To add an exception for this directory, call:

	git config --global --add safe.directory /home/pawel/projects/eform-project/eform
fatal: detected dubious ownership in repository at '/home/pawel/projects/eform-project/eform'
To add an exception for this directory, call:

	git config --global --add safe.directory /home/pawel/projects/eform-project/eform
fatal: detected dubious ownership in repository at '/home/pawel/projects/eform-project/eform'
To add an exception for this directory, call:

	git config --global --add safe.directory /home/pawel/projects/eform-project/eform
=== 2026-04-29 12:00:01 - Koniec (Exit: 0) ===
=== 2026-04-30 10:35:01 - Start ===
[main f08b1b1] Automatic commit 2026-04-30 10:35
 21 files changed, 345 insertions(+), 182 deletions(-)
 create mode 100644 migration_group_shop_order_idx.sql
fatal: could not read Username for 'https://github.com': Nie ma takiego urządzenia ani adresu
=== 2026-04-30 10:35:02 - Koniec (Exit: 0) ===
=== 2026-04-30 12:00:01 - Start ===
fatal: detected dubious ownership in repository at '/home/pawel/projects/eform-project/eform'
To add an exception for this directory, call:

	git config --global --add safe.directory /home/pawel/projects/eform-project/eform
fatal: detected dubious ownership in repository at '/home/pawel/projects/eform-project/eform'
To add an exception for this directory, call:

	git config --global --add safe.directory /home/pawel/projects/eform-project/eform
fatal: detected dubious ownership in repository at '/home/pawel/projects/eform-project/eform'
To add an exception for this directory, call:

	git config --global --add safe.directory /home/pawel/projects/eform-project/eform
=== 2026-04-30 12:00:01 - Koniec (Exit: 0) ===
=== 2026-05-01 10:35:01 - Start ===
[main 1e5d776] Automatic commit 2026-05-01 10:35
 1 file changed, 20 insertions(+)
fatal: could not read Username for 'https://github.com': Nie ma takiego urządzenia ani adresu
=== 2026-05-01 10:35:01 - Koniec (Exit: 0) ===
=== 2026-05-01 12:00:01 - Start ===
fatal: detected dubious ownership in repository at '/home/pawel/projects/eform-project/eform'
To add an exception for this directory, call:

	git config --global --add safe.directory /home/pawel/projects/eform-project/eform
fatal: detected dubious ownership in repository at '/home/pawel/projects/eform-project/eform'
To add an exception for this directory, call:

	git config --global --add safe.directory /home/pawel/projects/eform-project/eform
fatal: detected dubious ownership in repository at '/home/pawel/projects/eform-project/eform'
To add an exception for this directory, call:

	git config --global --add safe.directory /home/pawel/projects/eform-project/eform
=== 2026-05-01 12:00:01 - Koniec (Exit: 0) ===
=== 2026-05-02 10:35:01 - Start ===
[main eb955cf] Automatic commit 2026-05-02 10:35
 1 file changed, 19 insertions(+)
fatal: could not read Username for 'https://github.com': Nie ma takiego urządzenia ani adresu
=== 2026-05-02 10:35:01 - Koniec (Exit: 0) ===
=== 2026-05-02 12:00:01 - Start ===
fatal: detected dubious ownership in repository at '/home/pawel/projects/eform-project/eform'
To add an exception for this directory, call:

	git config --global --add safe.directory /home/pawel/projects/eform-project/eform
fatal: detected dubious ownership in repository at '/home/pawel/projects/eform-project/eform'
To add an exception for this directory, call:

	git config --global --add safe.directory /home/pawel/projects/eform-project/eform
fatal: detected dubious ownership in repository at '/home/pawel/projects/eform-project/eform'
To add an exception for this directory, call:

	git config --global --add safe.directory /home/pawel/projects/eform-project/eform
=== 2026-05-02 12:00:01 - Koniec (Exit: 0) ===
=== 2026-05-03 10:35:01 - Start ===
[main 1ba3ebc] Automatic commit 2026-05-03 10:35
 1 file changed, 19 insertions(+)
fatal: could not read Username for 'https://github.com': Nie ma takiego urządzenia ani adresu
=== 2026-05-03 10:35:01 - Koniec (Exit: 0) ===
=== 2026-05-03 12:00:01 - Start ===
fatal: detected dubious ownership in repository at '/home/pawel/projects/eform-project/eform'
To add an exception for this directory, call:

	git config --global --add safe.directory /home/pawel/projects/eform-project/eform
fatal: detected dubious ownership in repository at '/home/pawel/projects/eform-project/eform'
To add an exception for this directory, call:

	git config --global --add safe.directory /home/pawel/projects/eform-project/eform
fatal: detected dubious ownership in repository at '/home/pawel/projects/eform-project/eform'
To add an exception for this directory, call:

	git config --global --add safe.directory /home/pawel/projects/eform-project/eform
=== 2026-05-03 12:00:01 - Koniec (Exit: 0) ===
=== 2026-05-04 10:35:01 - Start ===
[main 33baac3] Automatic commit 2026-05-04 10:35
 8 files changed, 125 insertions(+), 307 deletions(-)
 delete mode 100644 1.json
 create mode 100644 ignore_mail_list.json
 create mode 100644 utils/productionSendGuard.js
fatal: could not read Username for 'https://github.com': Nie ma takiego urządzenia ani adresu
=== 2026-05-04 10:35:01 - Koniec (Exit: 0) ===
=== 2026-05-04 12:00:01 - Start ===
fatal: detected dubious ownership in repository at '/home/pawel/projects/eform-project/eform'
To add an exception for this directory, call:

	git config --global --add safe.directory /home/pawel/projects/eform-project/eform
fatal: detected dubious ownership in repository at '/home/pawel/projects/eform-project/eform'
To add an exception for this directory, call:

	git config --global --add safe.directory /home/pawel/projects/eform-project/eform
fatal: detected dubious ownership in repository at '/home/pawel/projects/eform-project/eform'
To add an exception for this directory, call:

	git config --global --add safe.directory /home/pawel/projects/eform-project/eform
=== 2026-05-04 12:00:01 - Koniec (Exit: 0) ===
=== 2026-05-05 10:35:01 - Start ===
[main eb3a2a3] Automatic commit 2026-05-05 10:35
 27 files changed, 447 insertions(+), 92 deletions(-)
fatal: could not read Username for 'https://github.com': Nie ma takiego urządzenia ani adresu
=== 2026-05-05 10:35:01 - Koniec (Exit: 0) ===
=== 2026-05-05 12:00:01 - Start ===
fatal: detected dubious ownership in repository at '/home/pawel/projects/eform-project/eform'
To add an exception for this directory, call:

	git config --global --add safe.directory /home/pawel/projects/eform-project/eform
fatal: detected dubious ownership in repository at '/home/pawel/projects/eform-project/eform'
To add an exception for this directory, call:

	git config --global --add safe.directory /home/pawel/projects/eform-project/eform
fatal: detected dubious ownership in repository at '/home/pawel/projects/eform-project/eform'
To add an exception for this directory, call:

	git config --global --add safe.directory /home/pawel/projects/eform-project/eform
=== 2026-05-05 12:00:01 - Koniec (Exit: 0) ===
=== 2026-05-06 10:35:01 - Start ===
[main c4e58fa] Automatic commit 2026-05-06 10:35
 2 files changed, 36 insertions(+)
fatal: could not read Username for 'https://github.com': Nie ma takiego urządzenia ani adresu
=== 2026-05-06 10:35:01 - Koniec (Exit: 0) ===
=== 2026-05-06 12:00:01 - Start ===
fatal: detected dubious ownership in repository at '/home/pawel/projects/eform-project/eform'
To add an exception for this directory, call:

	git config --global --add safe.directory /home/pawel/projects/eform-project/eform
fatal: detected dubious ownership in repository at '/home/pawel/projects/eform-project/eform'
To add an exception for this directory, call:

	git config --global --add safe.directory /home/pawel/projects/eform-project/eform
fatal: detected dubious ownership in repository at '/home/pawel/projects/eform-project/eform'
To add an exception for this directory, call:

	git config --global --add safe.directory /home/pawel/projects/eform-project/eform
=== 2026-05-06 12:00:01 - Koniec (Exit: 0) ===
=== 2026-05-07 10:35:01 - Start ===
[main 3321069] Automatic commit 2026-05-07 10:35
 1 file changed, 19 insertions(+)
fatal: could not read Username for 'https://github.com': Nie ma takiego urządzenia ani adresu
=== 2026-05-07 10:35:02 - Koniec (Exit: 0) ===
=== 2026-05-07 12:00:01 - Start ===
fatal: detected dubious ownership in repository at '/home/pawel/projects/eform-project/eform'
To add an exception for this directory, call:

	git config --global --add safe.directory /home/pawel/projects/eform-project/eform
fatal: detected dubious ownership in repository at '/home/pawel/projects/eform-project/eform'
To add an exception for this directory, call:

	git config --global --add safe.directory /home/pawel/projects/eform-project/eform
fatal: detected dubious ownership in repository at '/home/pawel/projects/eform-project/eform'
To add an exception for this directory, call:

	git config --global --add safe.directory /home/pawel/projects/eform-project/eform
=== 2026-05-07 12:00:01 - Koniec (Exit: 0) ===
=== 2026-05-08 10:35:01 - Start ===
[main c287f04] Automatic commit 2026-05-08 10:35
 2 files changed, 57 insertions(+)
 create mode 100644 data/note.txt
fatal: could not read Username for 'https://github.com': Nie ma takiego urządzenia ani adresu
=== 2026-05-08 10:35:02 - Koniec (Exit: 0) ===
=== 2026-05-08 12:00:01 - Start ===
fatal: detected dubious ownership in repository at '/home/pawel/projects/eform-project/eform'
To add an exception for this directory, call:

	git config --global --add safe.directory /home/pawel/projects/eform-project/eform
fatal: detected dubious ownership in repository at '/home/pawel/projects/eform-project/eform'
To add an exception for this directory, call:

	git config --global --add safe.directory /home/pawel/projects/eform-project/eform
fatal: detected dubious ownership in repository at '/home/pawel/projects/eform-project/eform'
To add an exception for this directory, call:

	git config --global --add safe.directory /home/pawel/projects/eform-project/eform
=== 2026-05-08 12:00:01 - Koniec (Exit: 0) ===
=== 2026-05-09 10:35:01 - Start ===
[main bfec27b] Automatic commit 2026-05-09 10:35
 1 file changed, 20 insertions(+)
fatal: could not read Username for 'https://github.com': Nie ma takiego urządzenia ani adresu
=== 2026-05-09 10:35:02 - Koniec (Exit: 0) ===
=== 2026-05-09 12:00:01 - Start ===
fatal: detected dubious ownership in repository at '/home/pawel/projects/eform-project/eform'
To add an exception for this directory, call:

	git config --global --add safe.directory /home/pawel/projects/eform-project/eform
fatal: detected dubious ownership in repository at '/home/pawel/projects/eform-project/eform'
To add an exception for this directory, call:

	git config --global --add safe.directory /home/pawel/projects/eform-project/eform
fatal: detected dubious ownership in repository at '/home/pawel/projects/eform-project/eform'
To add an exception for this directory, call:

	git config --global --add safe.directory /home/pawel/projects/eform-project/eform
=== 2026-05-09 12:00:01 - Koniec (Exit: 0) ===
=== 2026-05-10 10:35:01 - Start ===
[main 2435c99] Automatic commit 2026-05-10 10:35
 1 file changed, 19 insertions(+)
fatal: could not read Username for 'https://github.com': Nie ma takiego urządzenia ani adresu
=== 2026-05-10 10:35:02 - Koniec (Exit: 0) ===
=== 2026-05-10 12:00:01 - Start ===
fatal: detected dubious ownership in repository at '/home/pawel/projects/eform-project/eform'
To add an exception for this directory, call:

	git config --global --add safe.directory /home/pawel/projects/eform-project/eform
fatal: detected dubious ownership in repository at '/home/pawel/projects/eform-project/eform'
To add an exception for this directory, call:

	git config --global --add safe.directory /home/pawel/projects/eform-project/eform
fatal: detected dubious ownership in repository at '/home/pawel/projects/eform-project/eform'
To add an exception for this directory, call:

	git config --global --add safe.directory /home/pawel/projects/eform-project/eform
=== 2026-05-10 12:00:01 - Koniec (Exit: 0) ===
=== 2026-05-11 10:35:01 - Start ===
[main 8264ca2] Automatic commit 2026-05-11 10:35
 1 file changed, 19 insertions(+)
fatal: could not read Username for 'https://github.com': Nie ma takiego urządzenia ani adresu
=== 2026-05-11 10:35:01 - Koniec (Exit: 0) ===
=== 2026-05-11 12:00:01 - Start ===
fatal: detected dubious ownership in repository at '/home/pawel/projects/eform-project/eform'
To add an exception for this directory, call:

	git config --global --add safe.directory /home/pawel/projects/eform-project/eform
fatal: detected dubious ownership in repository at '/home/pawel/projects/eform-project/eform'
To add an exception for this directory, call:

	git config --global --add safe.directory /home/pawel/projects/eform-project/eform
fatal: detected dubious ownership in repository at '/home/pawel/projects/eform-project/eform'
To add an exception for this directory, call:

	git config --global --add safe.directory /home/pawel/projects/eform-project/eform
=== 2026-05-11 12:00:01 - Koniec (Exit: 0) ===
=== 2026-05-12 10:35:01 - Start ===
[main 1d6dbda] Automatic commit 2026-05-12 10:35
 9 files changed, 133 insertions(+), 121 deletions(-)
 rewrite db/core.js (64%)
fatal: could not read Username for 'https://github.com': Nie ma takiego urządzenia ani adresu
=== 2026-05-12 10:35:02 - Koniec (Exit: 0) ===
=== 2026-05-12 12:00:01 - Start ===
fatal: detected dubious ownership in repository at '/home/pawel/projects/eform-project/eform'
To add an exception for this directory, call:

	git config --global --add safe.directory /home/pawel/projects/eform-project/eform
fatal: detected dubious ownership in repository at '/home/pawel/projects/eform-project/eform'
To add an exception for this directory, call:

	git config --global --add safe.directory /home/pawel/projects/eform-project/eform
fatal: detected dubious ownership in repository at '/home/pawel/projects/eform-project/eform'
To add an exception for this directory, call:

	git config --global --add safe.directory /home/pawel/projects/eform-project/eform
=== 2026-05-12 12:00:01 - Koniec (Exit: 0) ===
=== 2026-05-13 10:35:01 - Start ===
[main 49a235e] Automatic commit 2026-05-13 10:35
 9 files changed, 765 insertions(+), 3 deletions(-)
 create mode 100644 services/mailBot/commentTranslator.js
 create mode 100644 services/mailBot/production-pdf.njk
 create mode 100644 services/mailBot/styles/production-pdf.css
fatal: could not read Username for 'https://github.com': Nie ma takiego urządzenia ani adresu
=== 2026-05-13 10:35:02 - Koniec (Exit: 0) ===
=== 2026-05-13 12:00:01 - Start ===
fatal: detected dubious ownership in repository at '/home/pawel/projects/eform-project/eform'
To add an exception for this directory, call:

	git config --global --add safe.directory /home/pawel/projects/eform-project/eform
fatal: detected dubious ownership in repository at '/home/pawel/projects/eform-project/eform'
To add an exception for this directory, call:

	git config --global --add safe.directory /home/pawel/projects/eform-project/eform
fatal: detected dubious ownership in repository at '/home/pawel/projects/eform-project/eform'
To add an exception for this directory, call:

	git config --global --add safe.directory /home/pawel/projects/eform-project/eform
=== 2026-05-13 12:00:01 - Koniec (Exit: 0) ===
=== 2026-05-14 10:35:01 - Start ===
[main 9ba9ef4] Automatic commit 2026-05-14 10:35
 1 file changed, 22 insertions(+)
fatal: could not read Username for 'https://github.com': Nie ma takiego urządzenia ani adresu
=== 2026-05-14 10:35:01 - Koniec (Exit: 0) ===
=== 2026-05-14 12:00:01 - Start ===
fatal: detected dubious ownership in repository at '/home/pawel/projects/eform-project/eform'
To add an exception for this directory, call:

	git config --global --add safe.directory /home/pawel/projects/eform-project/eform
fatal: detected dubious ownership in repository at '/home/pawel/projects/eform-project/eform'
To add an exception for this directory, call:

	git config --global --add safe.directory /home/pawel/projects/eform-project/eform
fatal: detected dubious ownership in repository at '/home/pawel/projects/eform-project/eform'
To add an exception for this directory, call:

	git config --global --add safe.directory /home/pawel/projects/eform-project/eform
=== 2026-05-14 12:00:01 - Koniec (Exit: 0) ===
=== 2026-05-15 10:35:01 - Start ===
[main fd50d40] Automatic commit 2026-05-15 10:35
 4 files changed, 30 insertions(+), 10 deletions(-)
fatal: could not read Username for 'https://github.com': Nie ma takiego urządzenia ani adresu
=== 2026-05-15 10:35:02 - Koniec (Exit: 0) ===
=== 2026-05-15 12:00:01 - Start ===
fatal: detected dubious ownership in repository at '/home/pawel/projects/eform-project/eform'
To add an exception for this directory, call:

	git config --global --add safe.directory /home/pawel/projects/eform-project/eform
fatal: detected dubious ownership in repository at '/home/pawel/projects/eform-project/eform'
To add an exception for this directory, call:

	git config --global --add safe.directory /home/pawel/projects/eform-project/eform
fatal: detected dubious ownership in repository at '/home/pawel/projects/eform-project/eform'
To add an exception for this directory, call:

	git config --global --add safe.directory /home/pawel/projects/eform-project/eform
=== 2026-05-15 12:00:01 - Koniec (Exit: 0) ===
=== 2026-05-16 10:35:01 - Start ===
[main 7ab80f6] Automatic commit 2026-05-16 10:35
 25 files changed, 3139 insertions(+), 35 deletions(-)
 create mode 100644 scripts/runOrderImport.js
 create mode 100644 services/formEngine/__tests__/smoke.test.js
 create mode 100644 services/formEngine/bundler.js
 create mode 100644 services/formEngine/harnessHtml.js
 create mode 100644 services/formEngine/index.js
 create mode 100644 services/formEngine/jsdomEnv.js
 create mode 100644 services/formEngine/resourceLoader.js
 create mode 100644 services/orderImport/__tests__/orderImporter.test.js
 create mode 100644 services/orderImport/__tests__/orderValidator.test.js
 create mode 100644 services/orderImport/__tests__/parameterTranslator.test.js
 create mode 100644 services/orderImport/ftpClient.js
 create mode 100644 services/orderImport/index.js
 create mode 100644 services/orderImport/localCache.js
 create mode 100644 services/orderImport/orderImporter.js
 create mode 100644 services/orderImport/orderValidator.js
 create mode 100644 services/orderImport/parameterTranslator.js
 create mode 100644 services/orderImport/userResolver.js
fatal: could not read Username for 'https://github.com': Nie ma takiego urządzenia ani adresu
=== 2026-05-16 10:35:02 - Koniec (Exit: 0) ===
=== 2026-05-16 12:00:01 - Start ===
fatal: detected dubious ownership in repository at '/home/pawel/projects/eform-project/eform'
To add an exception for this directory, call:

	git config --global --add safe.directory /home/pawel/projects/eform-project/eform
fatal: detected dubious ownership in repository at '/home/pawel/projects/eform-project/eform'
To add an exception for this directory, call:

	git config --global --add safe.directory /home/pawel/projects/eform-project/eform
fatal: detected dubious ownership in repository at '/home/pawel/projects/eform-project/eform'
To add an exception for this directory, call:

	git config --global --add safe.directory /home/pawel/projects/eform-project/eform
=== 2026-05-16 12:00:01 - Koniec (Exit: 0) ===
=== 2026-05-16 23:19:27 - Start ===
[main 19f1534] Automatic commit 2026-05-16 23:19
 1 file changed, 36 insertions(+)
remote: Repository not found.
fatal: nie znaleziono repozytorium „https://github.com/PawelWrHkl/eform.git/”
=== 2026-05-16 23:19:33 - Koniec (Exit: 0) ===
=== 2026-05-16 23:31:39 - Start ===
=== 2026-05-16 23:31:39 - Dodawanie zmian do commita ===
[main 9d34653] Automatic commit 2026-05-16 23:31
 2 files changed, 67 insertions(+), 5 deletions(-)
=== 2026-05-16 23:31:39 - Wysyłanie do origin/main ===
remote: Repository not found.
fatal: nie znaleziono repozytorium „https://github.com/PawelWrHkl/eform.git/”
=== 2026-05-16 23:34:57 - Start ===
=== 2026-05-16 23:34:57 - Dodawanie zmian do commita ===
[main 8150422] Automatic commit 2026-05-16 23:34
 1 file changed, 7 insertions(+)
=== 2026-05-16 23:34:57 - Wysyłanie do origin/main ===
remote: Repository not found.
fatal: nie znaleziono repozytorium „https://github.com/PawelWoronieckiHKL/eform.git/”
=== 2026-05-16 23:35:11 - Start ===
=== 2026-05-16 23:35:11 - Dodawanie zmian do commita ===
[main 420c878] Automatic commit 2026-05-16 23:35
 1 file changed, 7 insertions(+)
=== 2026-05-16 23:35:11 - Wysyłanie do origin/main ===
remote: Repository not found.
fatal: nie znaleziono repozytorium „https://github.com/PawelWoronieckiHKL/eform.git/”
=== 2026-05-16 23:51:26 - Start ===
=== 2026-05-16 23:51:26 - Dodawanie zmian do commita ===
[main f13b5cf] Automatic commit 2026-05-16 23:51
 1 file changed, 7 insertions(+)
=== 2026-05-16 23:51:26 - Wysyłanie do origin/main ===
To https://github.com/PawelWoronieckiHkl/eform.git
   420c878..f13b5cf  main -> main
Gałąź „main” ustawiona na śledzenie zdalnej gałęzi „main” z „origin”.
=== 2026-05-16 23:51:27 - Koniec ===
=== 2026-05-17 10:35:01 - Start ===
=== 2026-05-17 10:35:01 - Dodawanie zmian do commita ===
[main e25eedc] Automatic commit 2026-05-17 10:35
 28 files changed, 6289 insertions(+), 103 deletions(-)
 create mode 100644 import/import_efor.log
 create mode 100755 import/import_efor.sh
 create mode 100644 migration_phone_lengths.sql
 create mode 100644 services/orderImport/__tests__/displayValueBuilder.test.js
 create mode 100644 services/orderImport/__tests__/ftpClient.test.js
 create mode 100644 services/orderImport/displayValueBuilder.js
 create mode 100644 services/orderImport/fileNames.js
 create mode 100644 services/orderImport/optionValidator.js
 create mode 100644 services/orderImport/transactionalDb.js
=== 2026-05-17 10:35:02 - Wysyłanie do origin/main ===
To https://github.com/PawelWoronieckiHkl/eform.git
   f13b5cf..e25eedc  main -> main
Gałąź „main” ustawiona na śledzenie zdalnej gałęzi „main” z „origin”.
=== 2026-05-17 10:35:03 - Koniec ===
=== 2026-05-17 12:00:01 - Start ===
=== 2026-05-17 12:00:01 - Brak zdefiniowanego origin i GIT_REMOTE ===
Brak zdalnego repozytorium do wypchnięcia. Ustaw GIT_REMOTE lub dodaj origin ręcznie.
=== 2026-05-18 10:35:01 - Start ===
=== 2026-05-18 10:35:01 - Dodawanie zmian do commita ===
[main 6b79f0c] Automatic commit 2026-05-18 10:35
 2 files changed, 16918 insertions(+)
=== 2026-05-18 10:35:01 - Wysyłanie do origin/main ===
To https://github.com/PawelWoronieckiHkl/eform.git
   e25eedc..6b79f0c  main -> main
Gałąź „main” ustawiona na śledzenie zdalnej gałęzi „main” z „origin”.
=== 2026-05-18 10:35:03 - Koniec ===
=== 2026-05-18 12:00:01 - Start ===
=== 2026-05-18 12:00:01 - Brak zdefiniowanego origin i GIT_REMOTE ===
Brak zdalnego repozytorium do wypchnięcia. Ustaw GIT_REMOTE lub dodaj origin ręcznie.
=== 2026-05-19 10:35:01 - Start ===
=== 2026-05-19 10:35:01 - Dodawanie zmian do commita ===
[main b53dc95] Automatic commit 2026-05-19 10:35
 41 files changed, 18609 insertions(+), 338 deletions(-)
 create mode 100644 .kiro/specs/employee-permissions/.config.kiro
 create mode 100644 .kiro/specs/employee-permissions/design.md
 create mode 100644 .kiro/specs/employee-permissions/requirements.md
 create mode 100644 .kiro/specs/employee-permissions/tasks.md
 create mode 100644 .kiro/steering/agents.md
 create mode 100644 .kiro/steering/product.md
 create mode 100644 .kiro/steering/structure.md
 create mode 100644 .kiro/steering/tech.md
 create mode 100644 middleware/__tests__/filterOrdersByPermission.test.js
 create mode 100644 middleware/__tests__/filterPriceData.test.js
 create mode 100644 middleware/employeePermissions.js
 create mode 100644 migration_employee_permissions.sql
 create mode 100644 migration_employee_price_factor.sql
 create mode 100644 migrations/add_employee_permissions.sql
 rewrite templates/user/add_employee.njk (97%)
 rewrite templates/user/edit_employee.njk (96%)
=== 2026-05-19 10:35:01 - Wysyłanie do origin/main ===
To https://github.com/PawelWoronieckiHkl/eform.git
   6b79f0c..b53dc95  main -> main
Gałąź „main” ustawiona na śledzenie zdalnej gałęzi „main” z „origin”.
=== 2026-05-19 10:35:03 - Koniec ===
=== 2026-05-19 12:00:01 - Start ===
=== 2026-05-19 12:00:01 - Brak zdefiniowanego origin i GIT_REMOTE ===
Brak zdalnego repozytorium do wypchnięcia. Ustaw GIT_REMOTE lub dodaj origin ręcznie.
=== 2026-05-20 10:35:01 - Start ===
=== 2026-05-20 10:35:01 - Dodawanie zmian do commita ===
[main af08186] Automatic commit 2026-05-20 10:35
 16 files changed, 17250 insertions(+), 69 deletions(-)
=== 2026-05-20 10:35:02 - Wysyłanie do origin/main ===
To https://github.com/PawelWoronieckiHkl/eform.git
   b53dc95..af08186  main -> main
Gałąź „main” ustawiona na śledzenie zdalnej gałęzi „main” z „origin”.
=== 2026-05-20 10:35:04 - Koniec ===
=== 2026-05-20 12:00:01 - Start ===
=== 2026-05-20 12:00:01 - Brak zdefiniowanego origin i GIT_REMOTE ===
Brak zdalnego repozytorium do wypchnięcia. Ustaw GIT_REMOTE lub dodaj origin ręcznie.
=== 2026-05-21 10:35:01 - Start ===
=== 2026-05-21 10:35:01 - Dodawanie zmian do commita ===
[main 43dee09] Automatic commit 2026-05-21 10:35
 8 files changed, 17547 insertions(+), 13 deletions(-)
 create mode 100644 public/scripts/recalculateOrder.js
=== 2026-05-21 10:35:02 - Wysyłanie do origin/main ===
To https://github.com/PawelWoronieckiHkl/eform.git
   af08186..43dee09  main -> main
Gałąź „main” ustawiona na śledzenie zdalnej gałęzi „main” z „origin”.
=== 2026-05-21 10:35:04 - Koniec ===
=== 2026-05-21 12:00:01 - Start ===
=== 2026-05-21 12:00:01 - Brak zdefiniowanego origin i GIT_REMOTE ===
Brak zdalnego repozytorium do wypchnięcia. Ustaw GIT_REMOTE lub dodaj origin ręcznie.
=== 2026-05-22 10:35:01 - Start ===
=== 2026-05-22 10:35:01 - Dodawanie zmian do commita ===
[main 31f12b8] Automatic commit 2026-05-22 10:35
 21 files changed, 17667 insertions(+), 35 deletions(-)
 create mode 100644 migration_client_aliases.sql
 create mode 100644 migration_import_log.sql
 create mode 100755 public/img/recalculate.png
 create mode 100644 services/clientAliasesSync.js
 create mode 100644 services/orderImport/aliasResolver.js
 create mode 100644 services/orderImport/importLogger.js
 create mode 100755 update_test.sh
=== 2026-05-22 10:35:01 - Wysyłanie do origin/main ===
To https://github.com/PawelWoronieckiHkl/eform.git
   43dee09..31f12b8  main -> main
Gałąź „main” ustawiona na śledzenie zdalnej gałęzi „main” z „origin”.
=== 2026-05-22 10:35:04 - Koniec ===
=== 2026-05-22 12:00:02 - Start ===
=== 2026-05-22 12:00:02 - Brak zdefiniowanego origin i GIT_REMOTE ===
Brak zdalnego repozytorium do wypchnięcia. Ustaw GIT_REMOTE lub dodaj origin ręcznie.
=== 2026-05-23 10:35:01 - Start ===
=== 2026-05-23 10:35:01 - Dodawanie zmian do commita ===
[main 6a2c444] Automatic commit 2026-05-23 10:35
 15 files changed, 17427 insertions(+), 225 deletions(-)
 create mode 100644 services/formEngine/scriptRunner.js
 rewrite services/orderImport/aliasResolver.js (74%)
 create mode 100644 services/orderImport/browserRecalculator.js
 create mode 100644 templates/admin/import_log.njk
 create mode 100644 templates/user/import_log.njk
=== 2026-05-23 10:35:01 - Wysyłanie do origin/main ===
To https://github.com/PawelWoronieckiHkl/eform.git
   31f12b8..6a2c444  main -> main
Gałąź „main” ustawiona na śledzenie zdalnej gałęzi „main” z „origin”.
=== 2026-05-23 10:35:03 - Koniec ===
=== 2026-05-23 12:00:01 - Start ===
=== 2026-05-23 12:00:01 - Brak zdefiniowanego origin i GIT_REMOTE ===
Brak zdalnego repozytorium do wypchnięcia. Ustaw GIT_REMOTE lub dodaj origin ręcznie.
=== 2026-05-24 10:35:01 - Start ===
=== 2026-05-24 10:35:01 - Dodawanie zmian do commita ===
[main 4c550d1] Automatic commit 2026-05-24 10:35
 7 files changed, 17240 insertions(+), 17 deletions(-)
 create mode 100644 services/orderImport/displayValueRebuilder.js
 create mode 100644 services/paramdictConfigSync.js
=== 2026-05-24 10:35:01 - Wysyłanie do origin/main ===
To https://github.com/PawelWoronieckiHkl/eform.git
   6a2c444..4c550d1  main -> main
Gałąź „main” ustawiona na śledzenie zdalnej gałęzi „main” z „origin”.
=== 2026-05-24 10:35:03 - Koniec ===
=== 2026-05-24 12:00:01 - Start ===
=== 2026-05-24 12:00:01 - Brak zdefiniowanego origin i GIT_REMOTE ===
Brak zdalnego repozytorium do wypchnięcia. Ustaw GIT_REMOTE lub dodaj origin ręcznie.
=== 2026-05-25 10:35:01 - Start ===
=== 2026-05-25 10:35:01 - Dodawanie zmian do commita ===
[main 94ffdf4] Automatic commit 2026-05-25 10:35
 2 files changed, 16920 insertions(+)
=== 2026-05-25 10:35:01 - Wysyłanie do origin/main ===
To https://github.com/PawelWoronieckiHkl/eform.git
   4c550d1..94ffdf4  main -> main
Gałąź „main” ustawiona na śledzenie zdalnej gałęzi „main” z „origin”.
=== 2026-05-25 10:35:03 - Koniec ===
=== 2026-05-25 12:00:01 - Start ===
=== 2026-05-25 12:00:01 - Brak zdefiniowanego origin i GIT_REMOTE ===
Brak zdalnego repozytorium do wypchnięcia. Ustaw GIT_REMOTE lub dodaj origin ręcznie.
=== 2026-05-26 10:35:01 - Start ===
=== 2026-05-26 10:35:02 - Dodawanie zmian do commita ===
[main a7e1bdf] Automatic commit 2026-05-26 10:35
 2 files changed, 16902 insertions(+)
=== 2026-05-26 10:35:02 - Wysyłanie do origin/main ===
To https://github.com/PawelWoronieckiHkl/eform.git
   94ffdf4..a7e1bdf  main -> main
Gałąź „main” ustawiona na śledzenie zdalnej gałęzi „main” z „origin”.
=== 2026-05-26 10:35:04 - Koniec ===
=== 2026-05-26 12:00:01 - Start ===
=== 2026-05-26 12:00:02 - Brak zdefiniowanego origin i GIT_REMOTE ===
Brak zdalnego repozytorium do wypchnięcia. Ustaw GIT_REMOTE lub dodaj origin ręcznie.
=== 2026-05-27 10:35:01 - Start ===
=== 2026-05-27 10:35:01 - Dodawanie zmian do commita ===
[main b3e2958] Automatic commit 2026-05-27 10:35
 2 files changed, 16902 insertions(+)
=== 2026-05-27 10:35:01 - Wysyłanie do origin/main ===
To https://github.com/PawelWoronieckiHkl/eform.git
   a7e1bdf..b3e2958  main -> main
Gałąź „main” ustawiona na śledzenie zdalnej gałęzi „main” z „origin”.
=== 2026-05-27 10:35:03 - Koniec ===
=== 2026-05-27 12:00:01 - Start ===
=== 2026-05-27 12:00:01 - Brak zdefiniowanego origin i GIT_REMOTE ===
Brak zdalnego repozytorium do wypchnięcia. Ustaw GIT_REMOTE lub dodaj origin ręcznie.
=== 2026-05-28 10:35:01 - Start ===
=== 2026-05-28 10:35:01 - Dodawanie zmian do commita ===
[main c9950e0] Automatic commit 2026-05-28 10:35
 2 files changed, 16894 insertions(+)
=== 2026-05-28 10:35:01 - Wysyłanie do origin/main ===
To https://github.com/PawelWoronieckiHkl/eform.git
   b3e2958..c9950e0  main -> main
Gałąź „main” ustawiona na śledzenie zdalnej gałęzi „main” z „origin”.
=== 2026-05-28 10:35:03 - Koniec ===
=== 2026-05-28 12:00:01 - Start ===
=== 2026-05-28 12:00:01 - Brak zdefiniowanego origin i GIT_REMOTE ===
Brak zdalnego repozytorium do wypchnięcia. Ustaw GIT_REMOTE lub dodaj origin ręcznie.
=== 2026-05-29 10:35:01 - Start ===
=== 2026-05-29 10:35:01 - Dodawanie zmian do commita ===
[main 6e7b30d] Automatic commit 2026-05-29 10:35
 2 files changed, 16904 insertions(+)
=== 2026-05-29 10:35:01 - Wysyłanie do origin/main ===
To https://github.com/PawelWoronieckiHkl/eform.git
   c9950e0..6e7b30d  main -> main
Gałąź „main” ustawiona na śledzenie zdalnej gałęzi „main” z „origin”.
=== 2026-05-29 10:35:03 - Koniec ===
=== 2026-05-29 12:00:01 - Start ===
=== 2026-05-29 12:00:01 - Brak zdefiniowanego origin i GIT_REMOTE ===
Brak zdalnego repozytorium do wypchnięcia. Ustaw GIT_REMOTE lub dodaj origin ręcznie.
=== 2026-05-30 10:35:01 - Start ===
=== 2026-05-30 10:35:01 - Dodawanie zmian do commita ===
[main bbb2637] Automatic commit 2026-05-30 10:35
 2 files changed, 3314 insertions(+)
=== 2026-05-30 10:35:02 - Wysyłanie do origin/main ===
To https://github.com/PawelWoronieckiHkl/eform.git
   6e7b30d..bbb2637  main -> main
Gałąź „main” ustawiona na śledzenie zdalnej gałęzi „main” z „origin”.
=== 2026-05-30 10:35:03 - Koniec ===
=== 2026-05-30 12:00:01 - Start ===
=== 2026-05-30 12:00:01 - Brak zdefiniowanego origin i GIT_REMOTE ===
Brak zdalnego repozytorium do wypchnięcia. Ustaw GIT_REMOTE lub dodaj origin ręcznie.
=== 2026-05-31 10:35:01 - Start ===
=== 2026-05-31 10:35:01 - Dodawanie zmian do commita ===
[main f94bdcc] Automatic commit 2026-05-31 10:35
 1 file changed, 12 insertions(+)
=== 2026-05-31 10:35:01 - Wysyłanie do origin/main ===
To https://github.com/PawelWoronieckiHkl/eform.git
   bbb2637..f94bdcc  main -> main
Gałąź „main” ustawiona na śledzenie zdalnej gałęzi „main” z „origin”.
=== 2026-05-31 10:35:03 - Koniec ===
=== 2026-05-31 12:00:01 - Start ===
=== 2026-05-31 12:00:01 - Brak zdefiniowanego origin i GIT_REMOTE ===
Brak zdalnego repozytorium do wypchnięcia. Ustaw GIT_REMOTE lub dodaj origin ręcznie.
=== 2026-06-01 10:35:01 - Start ===
=== 2026-06-01 10:35:01 - Dodawanie zmian do commita ===
[main ecb170c] Automatic commit 2026-06-01 10:35
 1 file changed, 12 insertions(+)
=== 2026-06-01 10:35:01 - Wysyłanie do origin/main ===
To https://github.com/PawelWoronieckiHkl/eform.git
   f94bdcc..ecb170c  main -> main
Gałąź „main” ustawiona na śledzenie zdalnej gałęzi „main” z „origin”.
=== 2026-06-01 10:35:02 - Koniec ===
=== 2026-06-01 12:00:01 - Start ===
=== 2026-06-01 12:00:01 - Brak zdefiniowanego origin i GIT_REMOTE ===
Brak zdalnego repozytorium do wypchnięcia. Ustaw GIT_REMOTE lub dodaj origin ręcznie.
=== 2026-06-02 10:35:01 - Start ===
=== 2026-06-02 10:35:01 - Dodawanie zmian do commita ===
[main d5f39b2] Automatic commit 2026-06-02 10:35
 17 files changed, 10470 insertions(+), 210272 deletions(-)
 rewrite import/import_efor.log (97%)
 rewrite import/import_efor.sh (67%)
 create mode 100755 public/img/import.png
 create mode 100755 scripts/orderImportPreflight.js
 create mode 100644 services/orderImport/__tests__/preflight.test.js
 create mode 100644 services/orderImport/preflight.js
=== 2026-06-02 10:35:01 - Wysyłanie do origin/main ===
To https://github.com/PawelWoronieckiHkl/eform.git
   ecb170c..d5f39b2  main -> main
Gałąź „main” ustawiona na śledzenie zdalnej gałęzi „main” z „origin”.
=== 2026-06-02 10:35:03 - Koniec ===
=== 2026-06-02 12:00:01 - Start ===
=== 2026-06-02 12:00:01 - Brak zdefiniowanego origin i GIT_REMOTE ===
Brak zdalnego repozytorium do wypchnięcia. Ustaw GIT_REMOTE lub dodaj origin ręcznie.
=== 2026-06-03 10:35:01 - Start ===
=== 2026-06-03 10:35:01 - Dodawanie zmian do commita ===
[main 6a58eea] Automatic commit 2026-06-03 10:35
 2 files changed, 11121 insertions(+)
=== 2026-06-03 10:35:01 - Wysyłanie do origin/main ===
To https://github.com/PawelWoronieckiHkl/eform.git
   d5f39b2..6a58eea  main -> main
Gałąź „main” ustawiona na śledzenie zdalnej gałęzi „main” z „origin”.
=== 2026-06-03 10:35:03 - Koniec ===
=== 2026-06-03 12:00:01 - Start ===
=== 2026-06-03 12:00:01 - Brak zdefiniowanego origin i GIT_REMOTE ===
Brak zdalnego repozytorium do wypchnięcia. Ustaw GIT_REMOTE lub dodaj origin ręcznie.
=== 2026-06-04 10:35:01 - Start ===
=== 2026-06-04 10:35:01 - Dodawanie zmian do commita ===
[main fc98766] Automatic commit 2026-06-04 10:35
 5 files changed, 11127 insertions(+), 10 deletions(-)
=== 2026-06-04 10:35:02 - Wysyłanie do origin/main ===
To https://github.com/PawelWoronieckiHkl/eform.git
   6a58eea..fc98766  main -> main
Gałąź „main” ustawiona na śledzenie zdalnej gałęzi „main” z „origin”.
=== 2026-06-04 10:35:03 - Koniec ===
=== 2026-06-04 12:00:01 - Start ===
=== 2026-06-04 12:00:01 - Brak zdefiniowanego origin i GIT_REMOTE ===
Brak zdalnego repozytorium do wypchnięcia. Ustaw GIT_REMOTE lub dodaj origin ręcznie.
=== 2026-06-05 10:35:01 - Start ===
=== 2026-06-05 10:35:01 - Dodawanie zmian do commita ===
[main 5853450] Automatic commit 2026-06-05 10:35
 2 files changed, 11120 insertions(+)
=== 2026-06-05 10:35:01 - Wysyłanie do origin/main ===
To https://github.com/PawelWoronieckiHkl/eform.git
   fc98766..5853450  main -> main
Gałąź „main” ustawiona na śledzenie zdalnej gałęzi „main” z „origin”.
=== 2026-06-05 10:35:03 - Koniec ===
=== 2026-06-05 12:00:01 - Start ===
=== 2026-06-05 12:00:01 - Brak zdefiniowanego origin i GIT_REMOTE ===
Brak zdalnego repozytorium do wypchnięcia. Ustaw GIT_REMOTE lub dodaj origin ręcznie.
=== 2026-06-06 10:35:01 - Start ===
=== 2026-06-06 10:35:01 - Dodawanie zmian do commita ===
[main e3e5583] Automatic commit 2026-06-06 10:35
 2 files changed, 11137 insertions(+)
=== 2026-06-06 10:35:01 - Wysyłanie do origin/main ===
To https://github.com/PawelWoronieckiHkl/eform.git
   5853450..e3e5583  main -> main
Gałąź „main” ustawiona na śledzenie zdalnej gałęzi „main” z „origin”.
=== 2026-06-06 10:35:02 - Koniec ===
=== 2026-06-06 12:00:01 - Start ===
=== 2026-06-06 12:00:01 - Brak zdefiniowanego origin i GIT_REMOTE ===
Brak zdalnego repozytorium do wypchnięcia. Ustaw GIT_REMOTE lub dodaj origin ręcznie.
=== 2026-06-07 10:35:01 - Start ===
=== 2026-06-07 10:35:01 - Dodawanie zmian do commita ===
[main a152468] Automatic commit 2026-06-07 10:35
 2 files changed, 11122 insertions(+)
=== 2026-06-07 10:35:01 - Wysyłanie do origin/main ===
To https://github.com/PawelWoronieckiHkl/eform.git
   e3e5583..a152468  main -> main
Gałąź „main” ustawiona na śledzenie zdalnej gałęzi „main” z „origin”.
=== 2026-06-07 10:35:03 - Koniec ===
=== 2026-06-07 12:00:01 - Start ===
=== 2026-06-07 12:00:01 - Brak zdefiniowanego origin i GIT_REMOTE ===
Brak zdalnego repozytorium do wypchnięcia. Ustaw GIT_REMOTE lub dodaj origin ręcznie.
=== 2026-06-08 10:35:01 - Start ===
=== 2026-06-08 10:35:01 - Dodawanie zmian do commita ===
[main 3d730fe] Automatic commit 2026-06-08 10:35
 2 files changed, 11119 insertions(+)
=== 2026-06-08 10:35:01 - Wysyłanie do origin/main ===
To https://github.com/PawelWoronieckiHkl/eform.git
   a152468..3d730fe  main -> main
Gałąź „main” ustawiona na śledzenie zdalnej gałęzi „main” z „origin”.
=== 2026-06-08 10:35:03 - Koniec ===
=== 2026-06-08 12:00:01 - Start ===
=== 2026-06-08 12:00:01 - Brak zdefiniowanego origin i GIT_REMOTE ===
Brak zdalnego repozytorium do wypchnięcia. Ustaw GIT_REMOTE lub dodaj origin ręcznie.
=== 2026-06-09 10:35:01 - Start ===
=== 2026-06-09 10:35:01 - Dodawanie zmian do commita ===
[main 9f68210] Automatic commit 2026-06-09 10:35
 23 files changed, 11453 insertions(+), 159 deletions(-)
 create mode 100644 services/mailBot/_pdf_cell.njk
 create mode 100644 services/subPriceContext.js
 create mode 100644 templates/_pdf_cell.njk
 create mode 100644 utils/pdfValueParts.js
=== 2026-06-09 10:35:01 - Wysyłanie do origin/main ===
To https://github.com/PawelWoronieckiHkl/eform.git
   3d730fe..9f68210  main -> main
Gałąź „main” ustawiona na śledzenie zdalnej gałęzi „main” z „origin”.
=== 2026-06-09 10:35:04 - Koniec ===
=== 2026-06-09 12:00:01 - Start ===
=== 2026-06-09 12:00:01 - Brak zdefiniowanego origin i GIT_REMOTE ===
Brak zdalnego repozytorium do wypchnięcia. Ustaw GIT_REMOTE lub dodaj origin ręcznie.
=== 2026-06-10 10:35:01 - Start ===
=== 2026-06-10 10:35:01 - Dodawanie zmian do commita ===
[main ff4b8a6] Automatic commit 2026-06-10 10:35
 10 files changed, 11275 insertions(+), 20 deletions(-)
 create mode 100755 public/img/sub-prices.png
 create mode 100644 services/mailBot/importMailer.js
=== 2026-06-10 10:35:01 - Wysyłanie do origin/main ===
To https://github.com/PawelWoronieckiHkl/eform.git
   9f68210..ff4b8a6  main -> main
Gałąź „main” ustawiona na śledzenie zdalnej gałęzi „main” z „origin”.
=== 2026-06-10 10:35:03 - Koniec ===
=== 2026-06-10 12:00:01 - Start ===
=== 2026-06-10 12:00:01 - Brak zdefiniowanego origin i GIT_REMOTE ===
Brak zdalnego repozytorium do wypchnięcia. Ustaw GIT_REMOTE lub dodaj origin ręcznie.
=== 2026-06-11 10:35:01 - Start ===
=== 2026-06-11 10:35:01 - Dodawanie zmian do commita ===
[main 523752a] Automatic commit 2026-06-11 10:35
 26 files changed, 12438 insertions(+), 79 deletions(-)
 create mode 100644 services/orderImport/__tests__/sendAfterImport.test.js
 create mode 100644 services/orderImport/sendAfterImport.js
=== 2026-06-11 10:35:01 - Wysyłanie do origin/main ===
To https://github.com/PawelWoronieckiHkl/eform.git
   ff4b8a6..523752a  main -> main
Gałąź „main” ustawiona na śledzenie zdalnej gałęzi „main” z „origin”.
=== 2026-06-11 10:35:04 - Koniec ===
=== 2026-06-11 12:00:01 - Start ===
=== 2026-06-11 12:00:01 - Brak zdefiniowanego origin i GIT_REMOTE ===
Brak zdalnego repozytorium do wypchnięcia. Ustaw GIT_REMOTE lub dodaj origin ręcznie.
=== 2026-06-12 10:35:01 - Start ===
=== 2026-06-12 10:35:01 - Dodawanie zmian do commita ===
[main 569897f] Automatic commit 2026-06-12 10:35
 19 files changed, 12921 insertions(+), 86 deletions(-)
 create mode 100644 services/orderImport/__tests__/payloadRecovery.test.js
 create mode 100644 services/orderImport/payloadRecovery.js
=== 2026-06-12 10:35:01 - Wysyłanie do origin/main ===
To https://github.com/PawelWoronieckiHkl/eform.git
   523752a..569897f  main -> main
Gałąź „main” ustawiona na śledzenie zdalnej gałęzi „main” z „origin”.
=== 2026-06-12 10:35:04 - Koniec ===
=== 2026-06-12 12:00:01 - Start ===
=== 2026-06-12 12:00:01 - Brak zdefiniowanego origin i GIT_REMOTE ===
Brak zdalnego repozytorium do wypchnięcia. Ustaw GIT_REMOTE lub dodaj origin ręcznie.
=== 2026-06-13 10:35:01 - Start ===
=== 2026-06-13 10:35:01 - Dodawanie zmian do commita ===
[main 4c039bf] Automatic commit 2026-06-13 10:35
 2 files changed, 11113 insertions(+)
=== 2026-06-13 10:35:01 - Wysyłanie do origin/main ===
To https://github.com/PawelWoronieckiHkl/eform.git
   569897f..4c039bf  main -> main
Gałąź „main” ustawiona na śledzenie zdalnej gałęzi „main” z „origin”.
=== 2026-06-13 10:35:03 - Koniec ===
=== 2026-06-13 12:00:01 - Start ===
=== 2026-06-13 12:00:01 - Brak zdefiniowanego origin i GIT_REMOTE ===
Brak zdalnego repozytorium do wypchnięcia. Ustaw GIT_REMOTE lub dodaj origin ręcznie.
=== 2026-06-14 10:35:01 - Start ===
=== 2026-06-14 10:35:01 - Dodawanie zmian do commita ===
[main e3d31fa] Automatic commit 2026-06-14 10:35
 2 files changed, 11104 insertions(+)
=== 2026-06-14 10:35:01 - Wysyłanie do origin/main ===
To https://github.com/PawelWoronieckiHkl/eform.git
   4c039bf..e3d31fa  main -> main
Gałąź „main” ustawiona na śledzenie zdalnej gałęzi „main” z „origin”.
=== 2026-06-14 10:35:03 - Koniec ===
=== 2026-06-14 12:00:01 - Start ===
=== 2026-06-14 12:00:01 - Brak zdefiniowanego origin i GIT_REMOTE ===
Brak zdalnego repozytorium do wypchnięcia. Ustaw GIT_REMOTE lub dodaj origin ręcznie.
=== 2026-06-15 10:35:01 - Start ===
=== 2026-06-15 10:35:01 - Dodawanie zmian do commita ===
[main a73a935] Automatic commit 2026-06-15 10:35
 2 files changed, 11107 insertions(+)
=== 2026-06-15 10:35:02 - Wysyłanie do origin/main ===
To https://github.com/PawelWoronieckiHkl/eform.git
   e3d31fa..a73a935  main -> main
Gałąź „main” ustawiona na śledzenie zdalnej gałęzi „main” z „origin”.
=== 2026-06-15 10:35:04 - Koniec ===
=== 2026-06-15 12:00:01 - Start ===
=== 2026-06-15 12:00:01 - Brak zdefiniowanego origin i GIT_REMOTE ===
Brak zdalnego repozytorium do wypchnięcia. Ustaw GIT_REMOTE lub dodaj origin ręcznie.
=== 2026-06-16 10:35:01 - Start ===
=== 2026-06-16 10:35:01 - Dodawanie zmian do commita ===
[main 487563d] Automatic commit 2026-06-16 10:35
 2 files changed, 11096 insertions(+)
=== 2026-06-16 10:35:01 - Wysyłanie do origin/main ===
To https://github.com/PawelWoronieckiHkl/eform.git
   a73a935..487563d  main -> main
Gałąź „main” ustawiona na śledzenie zdalnej gałęzi „main” z „origin”.
=== 2026-06-16 10:35:04 - Koniec ===
=== 2026-06-16 12:00:01 - Start ===
=== 2026-06-16 12:00:01 - Brak zdefiniowanego origin i GIT_REMOTE ===
Brak zdalnego repozytorium do wypchnięcia. Ustaw GIT_REMOTE lub dodaj origin ręcznie.
=== 2026-06-17 10:35:01 - Start ===
=== 2026-06-17 10:35:01 - Dodawanie zmian do commita ===
[main a98df60] Automatic commit 2026-06-17 10:35
 2 files changed, 11096 insertions(+)
=== 2026-06-17 10:35:02 - Wysyłanie do origin/main ===
To https://github.com/PawelWoronieckiHkl/eform.git
   487563d..a98df60  main -> main
Gałąź „main” ustawiona na śledzenie zdalnej gałęzi „main” z „origin”.
=== 2026-06-17 10:35:04 - Koniec ===
=== 2026-06-17 12:00:01 - Start ===
=== 2026-06-17 12:00:01 - Brak zdefiniowanego origin i GIT_REMOTE ===
Brak zdalnego repozytorium do wypchnięcia. Ustaw GIT_REMOTE lub dodaj origin ręcznie.
=== 2026-06-18 10:35:01 - Start ===
=== 2026-06-18 10:35:01 - Dodawanie zmian do commita ===
[main f302ca5] Automatic commit 2026-06-18 10:35
 2 files changed, 31258 insertions(+), 177374 deletions(-)
 rewrite import/import_efor.log (98%)
=== 2026-06-18 10:35:01 - Wysyłanie do origin/main ===
To https://github.com/PawelWoronieckiHkl/eform.git
   a98df60..f302ca5  main -> main
Gałąź „main” ustawiona na śledzenie zdalnej gałęzi „main” z „origin”.
=== 2026-06-18 10:35:03 - Koniec ===
=== 2026-06-18 12:00:02 - Start ===
=== 2026-06-18 12:00:02 - Brak zdefiniowanego origin i GIT_REMOTE ===
Brak zdalnego repozytorium do wypchnięcia. Ustaw GIT_REMOTE lub dodaj origin ręcznie.
=== 2026-06-19 10:35:01 - Start ===
=== 2026-06-19 10:35:01 - Dodawanie zmian do commita ===
[main eedb62d] Automatic commit 2026-06-19 10:35
 52 files changed, 22306 insertions(+), 344 deletions(-)
 create mode 100644 import/import.log
 create mode 100644 import/import.pid
 rewrite import/import_efor.sh (97%)
 create mode 100644 middleware/accessLock.js
 create mode 100644 scripts/orderImportDaemon.js
 create mode 100644 services/__tests__/fixtures/subPriceOrder.js
 create mode 100644 services/__tests__/orderServiceSubPrices.test.js
 create mode 100644 services/__tests__/subPriceConsistency.test.js
 create mode 100644 services/__tests__/subPriceContext.test.js
 create mode 100644 services/__tests__/subPrices.test.js
 create mode 100644 services/accessLock.js
 create mode 100644 services/accessLockAuth.js
 create mode 100644 services/mailBot/__tests__/orderPdfSubPrices.test.js
 create mode 100644 services/subPrices.js
 rewrite templates/position_sent-prices.njk (95%)
 create mode 100755 update.sh
 create mode 100644 utils/getClientIp.js
=== 2026-06-19 10:35:02 - Wysyłanie do origin/main ===
To https://github.com/PawelWoronieckiHkl/eform.git
   f302ca5..eedb62d  main -> main
Gałąź „main” ustawiona na śledzenie zdalnej gałęzi „main” z „origin”.
=== 2026-06-19 10:35:04 - Koniec ===
=== 2026-06-19 12:00:01 - Start ===
=== 2026-06-19 12:00:01 - Brak zdefiniowanego origin i GIT_REMOTE ===
Brak zdalnego repozytorium do wypchnięcia. Ustaw GIT_REMOTE lub dodaj origin ręcznie.
=== 2026-06-20 10:35:01 - Start ===
=== 2026-06-20 10:35:01 - Dodawanie zmian do commita ===
[main 642d7cf] Automatic commit 2026-06-20 10:35
 5 files changed, 1658 insertions(+), 3 deletions(-)
=== 2026-06-20 10:35:01 - Wysyłanie do origin/main ===
To https://github.com/PawelWoronieckiHkl/eform.git
   eedb62d..642d7cf  main -> main
Gałąź „main” ustawiona na śledzenie zdalnej gałęzi „main” z „origin”.
=== 2026-06-20 10:35:03 - Koniec ===
=== 2026-06-20 12:00:01 - Start ===
=== 2026-06-20 12:00:01 - Brak zdefiniowanego origin i GIT_REMOTE ===
Brak zdalnego repozytorium do wypchnięcia. Ustaw GIT_REMOTE lub dodaj origin ręcznie.
=== 2026-06-21 10:35:01 - Start ===
=== 2026-06-21 10:35:01 - Dodawanie zmian do commita ===
[main 5bfb7fa] Automatic commit 2026-06-21 10:35
 1 file changed, 12 insertions(+)
=== 2026-06-21 10:35:01 - Wysyłanie do origin/main ===
To https://github.com/PawelWoronieckiHkl/eform.git
   642d7cf..5bfb7fa  main -> main
Gałąź „main” ustawiona na śledzenie zdalnej gałęzi „main” z „origin”.
=== 2026-06-21 10:35:02 - Koniec ===
=== 2026-06-21 12:00:01 - Start ===
=== 2026-06-21 12:00:01 - Brak zdefiniowanego origin i GIT_REMOTE ===
Brak zdalnego repozytorium do wypchnięcia. Ustaw GIT_REMOTE lub dodaj origin ręcznie.
=== 2026-06-22 10:35:01 - Start ===
=== 2026-06-22 10:35:01 - Dodawanie zmian do commita ===
[main bfc2dec] Automatic commit 2026-06-22 10:35
 1 file changed, 12 insertions(+)
=== 2026-06-22 10:35:01 - Wysyłanie do origin/main ===
To https://github.com/PawelWoronieckiHkl/eform.git
   5bfb7fa..bfc2dec  main -> main
Gałąź „main” ustawiona na śledzenie zdalnej gałęzi „main” z „origin”.
=== 2026-06-22 10:35:03 - Koniec ===
=== 2026-06-22 12:00:01 - Start ===
=== 2026-06-22 12:00:01 - Brak zdefiniowanego origin i GIT_REMOTE ===
Brak zdalnego repozytorium do wypchnięcia. Ustaw GIT_REMOTE lub dodaj origin ręcznie.
=== 2026-06-23 10:35:01 - Start ===
=== 2026-06-23 10:35:01 - Dodawanie zmian do commita ===
[main fd5485b] Automatic commit 2026-06-23 10:35
 1 file changed, 12 insertions(+)
=== 2026-06-23 10:35:01 - Wysyłanie do origin/main ===
To https://github.com/PawelWoronieckiHkl/eform.git
   bfc2dec..fd5485b  main -> main
Gałąź „main” ustawiona na śledzenie zdalnej gałęzi „main” z „origin”.
=== 2026-06-23 10:35:03 - Koniec ===
=== 2026-06-23 12:00:01 - Start ===
=== 2026-06-23 12:00:01 - Brak zdefiniowanego origin i GIT_REMOTE ===
Brak zdalnego repozytorium do wypchnięcia. Ustaw GIT_REMOTE lub dodaj origin ręcznie.
=== 2026-06-24 10:35:01 - Start ===
=== 2026-06-24 10:35:01 - Dodawanie zmian do commita ===
[main c1b662d] Automatic commit 2026-06-24 10:35
 4 files changed, 23432 insertions(+), 1 deletion(-)
=== 2026-06-24 10:35:02 - Wysyłanie do origin/main ===
To https://github.com/PawelWoronieckiHkl/eform.git
   fd5485b..c1b662d  main -> main
Gałąź „main” ustawiona na śledzenie zdalnej gałęzi „main” z „origin”.
=== 2026-06-24 10:35:04 - Koniec ===
=== 2026-06-24 12:00:01 - Start ===
=== 2026-06-24 12:00:01 - Brak zdefiniowanego origin i GIT_REMOTE ===
Brak zdalnego repozytorium do wypchnięcia. Ustaw GIT_REMOTE lub dodaj origin ręcznie.
=== 2026-06-25 10:35:01 - Start ===
=== 2026-06-25 10:35:01 - Dodawanie zmian do commita ===
[main d6e1a25] Automatic commit 2026-06-25 10:35
 13 files changed, 20539 insertions(+), 202 deletions(-)
=== 2026-06-25 10:35:01 - Wysyłanie do origin/main ===
To https://github.com/PawelWoronieckiHkl/eform.git
   c1b662d..d6e1a25  main -> main
Gałąź „main” ustawiona na śledzenie zdalnej gałęzi „main” z „origin”.
=== 2026-06-25 10:35:04 - Koniec ===
=== 2026-06-25 12:00:01 - Start ===
=== 2026-06-25 12:00:01 - Brak zdefiniowanego origin i GIT_REMOTE ===
Brak zdalnego repozytorium do wypchnięcia. Ustaw GIT_REMOTE lub dodaj origin ręcznie.
=== 2026-06-26 10:35:01 - Start ===
=== 2026-06-26 10:35:01 - Dodawanie zmian do commita ===
[main 4a4e8d9] Automatic commit 2026-06-26 10:35
 43 files changed, 22562 insertions(+), 124 deletions(-)
 create mode 100644 db/admin/orderCorrections.js
 create mode 100644 migrations/add_order_correction.sql
 create mode 100644 public/scripts/admin/orderCorrectionWorkspace.js
 create mode 100644 public/scripts/admin/orderCorrections.js
 create mode 100644 public/styles/admin/order_corrections.css
 create mode 100644 routes/admin/orderCorrections.js
 create mode 100644 services/admin/orderCorrectionService.js
 create mode 100644 services/mailBot/correctionMailTemplate.njk
 create mode 100644 templates/admin/order_corrections/index.njk
 create mode 100644 templates/admin/order_corrections/workspace.njk
 create mode 100644 utils/orderStatusGuard.js
=== 2026-06-26 10:35:02 - Wysyłanie do origin/main ===
To https://github.com/PawelWoronieckiHkl/eform.git
   d6e1a25..4a4e8d9  main -> main
Gałąź „main” ustawiona na śledzenie zdalnej gałęzi „main” z „origin”.
=== 2026-06-26 10:35:05 - Koniec ===
=== 2026-06-26 12:00:01 - Start ===
=== 2026-06-26 12:00:01 - Brak zdefiniowanego origin i GIT_REMOTE ===
Brak zdalnego repozytorium do wypchnięcia. Ustaw GIT_REMOTE lub dodaj origin ręcznie.
=== 2026-06-27 10:35:01 - Start ===
=== 2026-06-27 10:35:01 - Dodawanie zmian do commita ===
[main bee1379] Automatic commit 2026-06-27 10:35
 22 files changed, 20981 insertions(+), 50 deletions(-)
 create mode 100644 public/scripts/admin/admin_edit_form.js
 create mode 100644 templates/admin_edit_position.njk
=== 2026-06-27 10:35:01 - Wysyłanie do origin/main ===
To https://github.com/PawelWoronieckiHkl/eform.git
   4a4e8d9..bee1379  main -> main
Gałąź „main” ustawiona na śledzenie zdalnej gałęzi „main” z „origin”.
=== 2026-06-27 10:35:04 - Koniec ===
=== 2026-06-27 12:00:01 - Start ===
=== 2026-06-27 12:00:01 - Brak zdefiniowanego origin i GIT_REMOTE ===
Brak zdalnego repozytorium do wypchnięcia. Ustaw GIT_REMOTE lub dodaj origin ręcznie.
=== 2026-06-28 10:35:01 - Start ===
=== 2026-06-28 10:35:01 - Dodawanie zmian do commita ===
[main 764f71d] Automatic commit 2026-06-28 10:35
 3 files changed, 20160 insertions(+)
=== 2026-06-28 10:35:01 - Wysyłanie do origin/main ===
To https://github.com/PawelWoronieckiHkl/eform.git
   bee1379..764f71d  main -> main
Gałąź „main” ustawiona na śledzenie zdalnej gałęzi „main” z „origin”.
=== 2026-06-28 10:35:04 - Koniec ===
=== 2026-06-28 12:00:01 - Start ===
=== 2026-06-28 12:00:01 - Brak zdefiniowanego origin i GIT_REMOTE ===
Brak zdalnego repozytorium do wypchnięcia. Ustaw GIT_REMOTE lub dodaj origin ręcznie.
=== 2026-06-29 10:35:01 - Start ===
=== 2026-06-29 10:35:01 - Dodawanie zmian do commita ===
[main aef264d] Automatic commit 2026-06-29 10:35
 3 files changed, 20155 insertions(+)
=== 2026-06-29 10:35:02 - Wysyłanie do origin/main ===
To https://github.com/PawelWoronieckiHkl/eform.git
   764f71d..aef264d  main -> main
Gałąź „main” ustawiona na śledzenie zdalnej gałęzi „main” z „origin”.
=== 2026-06-29 10:35:04 - Koniec ===
=== 2026-06-29 12:00:01 - Start ===
=== 2026-06-29 12:00:01 - Brak zdefiniowanego origin i GIT_REMOTE ===
Brak zdalnego repozytorium do wypchnięcia. Ustaw GIT_REMOTE lub dodaj origin ręcznie.
=== 2026-06-30 10:35:01 - Start ===
=== 2026-06-30 10:35:01 - Dodawanie zmian do commita ===
[main 9bec024] Automatic commit 2026-06-30 10:35
 18 files changed, 20295 insertions(+), 74 deletions(-)
=== 2026-06-30 10:35:01 - Wysyłanie do origin/main ===
To https://github.com/PawelWoronieckiHkl/eform.git
   aef264d..9bec024  main -> main
Gałąź „main” ustawiona na śledzenie zdalnej gałęzi „main” z „origin”.
=== 2026-06-30 10:35:04 - Koniec ===
=== 2026-06-30 12:00:01 - Start ===
=== 2026-06-30 12:00:01 - Brak zdefiniowanego origin i GIT_REMOTE ===
Brak zdalnego repozytorium do wypchnięcia. Ustaw GIT_REMOTE lub dodaj origin ręcznie.
=== 2026-07-01 10:35:01 - Start ===
=== 2026-07-01 10:35:01 - Dodawanie zmian do commita ===
[main f20a02f] Automatic commit 2026-07-01 10:35
 3 files changed, 20192 insertions(+)
=== 2026-07-01 10:35:02 - Wysyłanie do origin/main ===
To https://github.com/PawelWoronieckiHkl/eform.git
   9bec024..f20a02f  main -> main
Gałąź „main” ustawiona na śledzenie zdalnej gałęzi „main” z „origin”.
=== 2026-07-01 10:35:05 - Koniec ===
=== 2026-07-01 12:00:01 - Start ===
=== 2026-07-01 12:00:01 - Brak zdefiniowanego origin i GIT_REMOTE ===
Brak zdalnego repozytorium do wypchnięcia. Ustaw GIT_REMOTE lub dodaj origin ręcznie.
=== 2026-07-02 10:35:01 - Start ===
=== 2026-07-02 10:35:01 - Dodawanie zmian do commita ===
[main 69c3203] Automatic commit 2026-07-02 10:35
 10 files changed, 20406 insertions(+), 13 deletions(-)
=== 2026-07-02 10:35:02 - Wysyłanie do origin/main ===
To https://github.com/PawelWoronieckiHkl/eform.git
   f20a02f..69c3203  main -> main
Gałąź „main” ustawiona na śledzenie zdalnej gałęzi „main” z „origin”.
=== 2026-07-02 10:35:05 - Koniec ===
=== 2026-07-02 12:00:01 - Start ===
=== 2026-07-02 12:00:01 - Brak zdefiniowanego origin i GIT_REMOTE ===
Brak zdalnego repozytorium do wypchnięcia. Ustaw GIT_REMOTE lub dodaj origin ręcznie.
=== 2026-07-03 10:35:01 - Start ===
=== 2026-07-03 10:35:01 - Dodawanie zmian do commita ===
[main ef3672a] Automatic commit 2026-07-03 10:35
 14 files changed, 20826 insertions(+), 12 deletions(-)
=== 2026-07-03 10:35:01 - Wysyłanie do origin/main ===
To https://github.com/PawelWoronieckiHkl/eform.git
   69c3203..ef3672a  main -> main
Gałąź „main” ustawiona na śledzenie zdalnej gałęzi „main” z „origin”.
=== 2026-07-03 10:35:05 - Koniec ===
=== 2026-07-03 12:00:01 - Start ===
=== 2026-07-03 12:00:01 - Brak zdefiniowanego origin i GIT_REMOTE ===
Brak zdalnego repozytorium do wypchnięcia. Ustaw GIT_REMOTE lub dodaj origin ręcznie.
=== 2026-07-04 10:35:01 - Start ===
=== 2026-07-04 10:35:01 - Dodawanie zmian do commita ===
[main b620f4a] Automatic commit 2026-07-04 10:35
 13 files changed, 20515 insertions(+), 93 deletions(-)
 create mode 100644 public/scripts/stickyColumns.js
=== 2026-07-04 10:35:01 - Wysyłanie do origin/main ===
To https://github.com/PawelWoronieckiHkl/eform.git
   ef3672a..b620f4a  main -> main
Gałąź „main” ustawiona na śledzenie zdalnej gałęzi „main” z „origin”.
=== 2026-07-04 10:35:05 - Koniec ===
=== 2026-07-04 12:00:01 - Start ===
=== 2026-07-04 12:00:01 - Brak zdefiniowanego origin i GIT_REMOTE ===
Brak zdalnego repozytorium do wypchnięcia. Ustaw GIT_REMOTE lub dodaj origin ręcznie.
=== 2026-07-05 10:35:01 - Start ===
=== 2026-07-05 10:35:01 - Dodawanie zmian do commita ===
[main 30e7bc0] Automatic commit 2026-07-05 10:35
 2 files changed, 20152 insertions(+)
=== 2026-07-05 10:35:02 - Wysyłanie do origin/main ===
To https://github.com/PawelWoronieckiHkl/eform.git
   b620f4a..30e7bc0  main -> main
Gałąź „main” ustawiona na śledzenie zdalnej gałęzi „main” z „origin”.
=== 2026-07-05 10:35:04 - Koniec ===
=== 2026-07-05 12:00:01 - Start ===
=== 2026-07-05 12:00:01 - Brak zdefiniowanego origin i GIT_REMOTE ===
Brak zdalnego repozytorium do wypchnięcia. Ustaw GIT_REMOTE lub dodaj origin ręcznie.
=== 2026-07-06 10:35:01 - Start ===
=== 2026-07-06 10:35:01 - Dodawanie zmian do commita ===
[main 32e42ca] Automatic commit 2026-07-06 10:35
 2 files changed, 20188 insertions(+)
=== 2026-07-06 10:35:02 - Wysyłanie do origin/main ===
To https://github.com/PawelWoronieckiHkl/eform.git
   30e7bc0..32e42ca  main -> main
Gałąź „main” ustawiona na śledzenie zdalnej gałęzi „main” z „origin”.
=== 2026-07-06 10:35:04 - Koniec ===
=== 2026-07-06 12:00:01 - Start ===
=== 2026-07-06 12:00:01 - Brak zdefiniowanego origin i GIT_REMOTE ===
Brak zdalnego repozytorium do wypchnięcia. Ustaw GIT_REMOTE lub dodaj origin ręcznie.
=== 2026-07-07 10:35:01 - Start ===
=== 2026-07-07 10:35:01 - Dodawanie zmian do commita ===
[main 98d76b3] Automatic commit 2026-07-07 10:35
 15 files changed, 20590 insertions(+), 9 deletions(-)
 create mode 100644 migration_link_group.sql
 create mode 100644 public/scripts/linkPositions.js
=== 2026-07-07 10:35:01 - Wysyłanie do origin/main ===
To https://github.com/PawelWoronieckiHkl/eform.git
   32e42ca..98d76b3  main -> main
Gałąź „main” ustawiona na śledzenie zdalnej gałęzi „main” z „origin”.
=== 2026-07-07 10:35:04 - Koniec ===
=== 2026-07-07 12:00:01 - Start ===
=== 2026-07-07 12:00:01 - Brak zdefiniowanego origin i GIT_REMOTE ===
Brak zdalnego repozytorium do wypchnięcia. Ustaw GIT_REMOTE lub dodaj origin ręcznie.
=== 2026-07-08 10:35:01 - Start ===
=== 2026-07-08 10:35:01 - Dodawanie zmian do commita ===
[main a9a4dc5] Automatic commit 2026-07-08 10:35
 11 files changed, 20688 insertions(+), 286 deletions(-)
 rewrite public/scripts/linkPositions.js (83%)
=== 2026-07-08 10:35:01 - Wysyłanie do origin/main ===
To https://github.com/PawelWoronieckiHkl/eform.git
   98d76b3..a9a4dc5  main -> main
Gałąź „main” ustawiona na śledzenie zdalnej gałęzi „main” z „origin”.
=== 2026-07-08 10:35:05 - Koniec ===
=== 2026-07-08 12:00:01 - Start ===
=== 2026-07-08 12:00:01 - Brak zdefiniowanego origin i GIT_REMOTE ===
Brak zdalnego repozytorium do wypchnięcia. Ustaw GIT_REMOTE lub dodaj origin ręcznie.
=== 2026-07-09 10:35:01 - Start ===
=== 2026-07-09 10:35:01 - Dodawanie zmian do commita ===
[main 2f5791e] Automatic commit 2026-07-09 10:35
 3 files changed, 29968 insertions(+), 1 deletion(-)
=== 2026-07-09 10:35:01 - Wysyłanie do origin/main ===
To https://github.com/PawelWoronieckiHkl/eform.git
   a9a4dc5..2f5791e  main -> main
Gałąź „main” ustawiona na śledzenie zdalnej gałęzi „main” z „origin”.
=== 2026-07-09 10:35:05 - Koniec ===
=== 2026-07-09 12:00:01 - Start ===
=== 2026-07-09 12:00:01 - Brak zdefiniowanego origin i GIT_REMOTE ===
Brak zdalnego repozytorium do wypchnięcia. Ustaw GIT_REMOTE lub dodaj origin ręcznie.
=== 2026-07-10 10:35:01 - Start ===
=== 2026-07-10 10:35:02 - Dodawanie zmian do commita ===
[main bbaa0e1] Automatic commit 2026-07-10 10:35
 13 files changed, 1162 insertions(+), 21 deletions(-)
 create mode 100644 import/eform-import.service
 delete mode 100644 import/import.pid
=== 2026-07-10 10:35:02 - Wysyłanie do origin/main ===
To https://github.com/PawelWoronieckiHkl/eform.git
   2f5791e..bbaa0e1  main -> main
Gałąź „main” ustawiona na śledzenie zdalnej gałęzi „main” z „origin”.
=== 2026-07-10 10:35:06 - Koniec ===
=== 2026-07-10 12:00:01 - Start ===
=== 2026-07-10 12:00:01 - Brak zdefiniowanego origin i GIT_REMOTE ===
Brak zdalnego repozytorium do wypchnięcia. Ustaw GIT_REMOTE lub dodaj origin ręcznie.
=== 2026-07-11 10:35:01 - Start ===
=== 2026-07-11 10:35:01 - Dodawanie zmian do commita ===
[main 89e2b0c] Automatic commit 2026-07-11 10:35
 4 files changed, 114 insertions(+), 4 deletions(-)
=== 2026-07-11 10:35:02 - Wysyłanie do origin/main ===
To https://github.com/PawelWoronieckiHkl/eform.git
   bbaa0e1..89e2b0c  main -> main
Gałąź „main” ustawiona na śledzenie zdalnej gałęzi „main” z „origin”.
=== 2026-07-11 10:35:03 - Koniec ===
=== 2026-07-11 12:00:01 - Start ===
=== 2026-07-11 12:00:01 - Brak zdefiniowanego origin i GIT_REMOTE ===
Brak zdalnego repozytorium do wypchnięcia. Ustaw GIT_REMOTE lub dodaj origin ręcznie.
=== 2026-07-12 10:35:01 - Start ===
=== 2026-07-12 10:35:01 - Dodawanie zmian do commita ===
[main 418a0d9] Automatic commit 2026-07-12 10:35
 1 file changed, 12 insertions(+)
=== 2026-07-12 10:35:01 - Wysyłanie do origin/main ===
To https://github.com/PawelWoronieckiHkl/eform.git
   89e2b0c..418a0d9  main -> main
Gałąź „main” ustawiona na śledzenie zdalnej gałęzi „main” z „origin”.
=== 2026-07-12 10:35:03 - Koniec ===
=== 2026-07-12 12:00:01 - Start ===
=== 2026-07-12 12:00:01 - Brak zdefiniowanego origin i GIT_REMOTE ===
Brak zdalnego repozytorium do wypchnięcia. Ustaw GIT_REMOTE lub dodaj origin ręcznie.
=== 2026-07-13 10:35:01 - Start ===
=== 2026-07-13 10:35:01 - Dodawanie zmian do commita ===
[main 951ac46] Automatic commit 2026-07-13 10:35
 2 files changed, 14 insertions(+), 1 deletion(-)
=== 2026-07-13 10:35:01 - Wysyłanie do origin/main ===
To https://github.com/PawelWoronieckiHkl/eform.git
   418a0d9..951ac46  main -> main
Gałąź „main” ustawiona na śledzenie zdalnej gałęzi „main” z „origin”.
=== 2026-07-13 10:35:03 - Koniec ===
=== 2026-07-13 12:00:01 - Start ===
=== 2026-07-13 12:00:01 - Brak zdefiniowanego origin i GIT_REMOTE ===
Brak zdalnego repozytorium do wypchnięcia. Ustaw GIT_REMOTE lub dodaj origin ręcznie.
=== 2026-07-14 10:35:01 - Start ===
=== 2026-07-14 10:35:01 - Dodawanie zmian do commita ===
[main 114c267] Automatic commit 2026-07-14 10:35
 1 file changed, 12 insertions(+)
=== 2026-07-14 10:35:01 - Wysyłanie do origin/main ===
To https://github.com/PawelWoronieckiHkl/eform.git
   951ac46..114c267  main -> main
Gałąź „main” ustawiona na śledzenie zdalnej gałęzi „main” z „origin”.
=== 2026-07-14 10:35:03 - Koniec ===
=== 2026-07-14 12:00:01 - Start ===
=== 2026-07-14 12:00:01 - Brak zdefiniowanego origin i GIT_REMOTE ===
Brak zdalnego repozytorium do wypchnięcia. Ustaw GIT_REMOTE lub dodaj origin ręcznie.
=== 2026-07-15 10:35:01 - Start ===
=== 2026-07-15 10:35:01 - Dodawanie zmian do commita ===
[main cf09725] Automatic commit 2026-07-15 10:35
 3 files changed, 77 insertions(+)
=== 2026-07-15 10:35:01 - Wysyłanie do origin/main ===
To https://github.com/PawelWoronieckiHkl/eform.git
   114c267..cf09725  main -> main
Gałąź „main” ustawiona na śledzenie zdalnej gałęzi „main” z „origin”.
=== 2026-07-15 10:35:03 - Koniec ===
=== 2026-07-15 12:00:01 - Start ===
=== 2026-07-15 12:00:01 - Brak zdefiniowanego origin i GIT_REMOTE ===
Brak zdalnego repozytorium do wypchnięcia. Ustaw GIT_REMOTE lub dodaj origin ręcznie.
=== 2026-07-16 10:35:01 - Start ===
=== 2026-07-16 10:35:01 - Dodawanie zmian do commita ===
[main 0447051] Automatic commit 2026-07-16 10:35
 8 files changed, 4002 insertions(+), 7 deletions(-)
 create mode 100644 import/import.pid
=== 2026-07-16 10:35:02 - Wysyłanie do origin/main ===
To https://github.com/PawelWoronieckiHkl/eform.git
   cf09725..0447051  main -> main
Gałąź „main” ustawiona na śledzenie zdalnej gałęzi „main” z „origin”.
=== 2026-07-16 10:35:05 - Koniec ===
=== 2026-07-16 12:00:01 - Start ===
=== 2026-07-16 12:00:01 - Brak zdefiniowanego origin i GIT_REMOTE ===
Brak zdalnego repozytorium do wypchnięcia. Ustaw GIT_REMOTE lub dodaj origin ręcznie.
=== 2026-07-17 10:35:01 - Start ===
=== 2026-07-17 10:35:01 - Dodawanie zmian do commita ===
[main e1ae129] Automatic commit 2026-07-17 10:35
 2 files changed, 8655 insertions(+)
=== 2026-07-17 10:35:02 - Wysyłanie do origin/main ===
To https://github.com/PawelWoronieckiHkl/eform.git
   0447051..e1ae129  main -> main
Gałąź „main” ustawiona na śledzenie zdalnej gałęzi „main” z „origin”.
=== 2026-07-17 10:35:05 - Koniec ===
=== 2026-07-17 12:00:01 - Start ===
=== 2026-07-17 12:00:01 - Brak zdefiniowanego origin i GIT_REMOTE ===
Brak zdalnego repozytorium do wypchnięcia. Ustaw GIT_REMOTE lub dodaj origin ręcznie.
=== 2026-07-18 10:35:01 - Start ===
=== 2026-07-18 10:35:01 - Dodawanie zmian do commita ===
[main 1c321cc] Automatic commit 2026-07-18 10:35
 2 files changed, 8646 insertions(+)
=== 2026-07-18 10:35:02 - Wysyłanie do origin/main ===
To https://github.com/PawelWoronieckiHkl/eform.git
   e1ae129..1c321cc  main -> main
Gałąź „main” ustawiona na śledzenie zdalnej gałęzi „main” z „origin”.
=== 2026-07-18 10:35:05 - Koniec ===
=== 2026-07-18 12:00:01 - Start ===
=== 2026-07-18 12:00:01 - Brak zdefiniowanego origin i GIT_REMOTE ===
Brak zdalnego repozytorium do wypchnięcia. Ustaw GIT_REMOTE lub dodaj origin ręcznie.
=== 2026-07-19 10:35:01 - Start ===
=== 2026-07-19 10:35:01 - Dodawanie zmian do commita ===
[main f282bd6] Automatic commit 2026-07-19 10:35
 2 files changed, 8646 insertions(+)
=== 2026-07-19 10:35:01 - Wysyłanie do origin/main ===
To https://github.com/PawelWoronieckiHkl/eform.git
   1c321cc..f282bd6  main -> main
Gałąź „main” ustawiona na śledzenie zdalnej gałęzi „main” z „origin”.
=== 2026-07-19 10:35:04 - Koniec ===
=== 2026-07-19 12:00:01 - Start ===
=== 2026-07-19 12:00:01 - Brak zdefiniowanego origin i GIT_REMOTE ===
Brak zdalnego repozytorium do wypchnięcia. Ustaw GIT_REMOTE lub dodaj origin ręcznie.
=== 2026-07-20 10:35:01 - Start ===
=== 2026-07-20 10:35:01 - Dodawanie zmian do commita ===
[main c4cbf47] Automatic commit 2026-07-20 10:35
 2 files changed, 8639 insertions(+)
=== 2026-07-20 10:35:01 - Wysyłanie do origin/main ===
To https://github.com/PawelWoronieckiHkl/eform.git
   f282bd6..c4cbf47  main -> main
Gałąź „main” ustawiona na śledzenie zdalnej gałęzi „main” z „origin”.
=== 2026-07-20 10:35:05 - Koniec ===
=== 2026-07-20 12:00:01 - Start ===
=== 2026-07-20 12:00:02 - Brak zdefiniowanego origin i GIT_REMOTE ===
Brak zdalnego repozytorium do wypchnięcia. Ustaw GIT_REMOTE lub dodaj origin ręcznie.
=== 2026-07-21 10:35:01 - Start ===
=== 2026-07-21 10:35:01 - Dodawanie zmian do commita ===
[main 5323e64] Automatic commit 2026-07-21 10:35
 2 files changed, 8671 insertions(+)
=== 2026-07-21 10:35:02 - Wysyłanie do origin/main ===
To https://github.com/PawelWoronieckiHkl/eform.git
   c4cbf47..5323e64  main -> main
Gałąź „main” ustawiona na śledzenie zdalnej gałęzi „main” z „origin”.
=== 2026-07-21 10:35:06 - Koniec ===
=== 2026-07-21 12:00:01 - Start ===
=== 2026-07-21 12:00:01 - Brak zdefiniowanego origin i GIT_REMOTE ===
Brak zdalnego repozytorium do wypchnięcia. Ustaw GIT_REMOTE lub dodaj origin ręcznie.
=== 2026-07-22 10:35:01 - Start ===
=== 2026-07-22 10:35:01 - Dodawanie zmian do commita ===
[main 8255a95] Automatic commit 2026-07-22 10:35
 10 files changed, 10853 insertions(+), 12 deletions(-)
 create mode 100644 PROJECT_OVERVIEW.md
 create mode 100755 "json_przyk\305\202ad/1784194239209_HKL_TCN_271980_1_20260716_113003.json"
 create mode 100755 "json_przyk\305\202ad/HKL_Maxsol_323.json"
 create mode 100644 services/formEngine/clientScripts.js
=== 2026-07-22 10:35:02 - Wysyłanie do origin/main ===
To https://github.com/PawelWoronieckiHkl/eform.git
   5323e64..8255a95  main -> main
Gałąź „main” ustawiona na śledzenie zdalnej gałęzi „main” z „origin”.
=== 2026-07-22 10:35:05 - Koniec ===
=== 2026-07-22 12:00:01 - Start ===
=== 2026-07-22 12:00:01 - Brak zdefiniowanego origin i GIT_REMOTE ===
Brak zdalnego repozytorium do wypchnięcia. Ustaw GIT_REMOTE lub dodaj origin ręcznie.
=== 2026-07-23 10:35:01 - Start ===
=== 2026-07-23 10:35:01 - Dodawanie zmian do commita ===
[main c7133a3] Automatic commit 2026-07-23 10:35
 11 files changed, 13000 insertions(+), 1 deletion(-)
 create mode 100755 "pdata/or01_K1__1_20260721_111721(__03__\305\273aluzje_50).txt"
 create mode 100755 pdata/or01_K1__1_20260721_111721(__43__Plisy_VS_F).txt
 create mode 100755 pdata/or01_K1__1_20260721_111721(__55__DoppelRollo).txt
 create mode 100755 pdata/or01_K1__1_20260721_111721(__75__Rollo_Coulise).txt
 create mode 100755 pdata/or01_K1__1_20260721_231721(__16__Szyny_Vertikal).txt
 create mode 100755 "pdata/or01_K1__1_20260721_231721(__39__\305\273aluzje_16_25).txt"
 create mode 100755 "pdata/or01_K1__1_20260721_231721(__59__\305\273aluzje_drewniane_2010).txt"
 create mode 100755 pdata/or01_K1__1_20260721_231721(__71__Plisy_EOS).txt
=== 2026-07-23 10:35:02 - Wysyłanie do origin/main ===
remote: Permission to PawelWoronieckiHkl/eform.git denied to PawelWrHkl.
fatal: brak dostępu do „https://github.com/PawelWoronieckiHkl/eform.git/”: The requested URL returned error: 403
=== 2026-07-23 12:00:01 - Start ===
=== 2026-07-23 12:00:01 - Brak zdefiniowanego origin i GIT_REMOTE ===
Brak zdalnego repozytorium do wypchnięcia. Ustaw GIT_REMOTE lub dodaj origin ręcznie.
=== 2026-07-24 10:35:01 - Start ===
=== 2026-07-24 10:35:01 - Dodawanie zmian do commita ===
[main efd53d7] Automatic commit 2026-07-24 10:35
 2 files changed, 8661 insertions(+)
=== 2026-07-24 10:35:02 - Wysyłanie do origin/main ===
remote: Permission to PawelWoronieckiHkl/eform.git denied to PawelWrHkl.
fatal: brak dostępu do „https://github.com/PawelWoronieckiHkl/eform.git/”: The requested URL returned error: 403
=== 2026-07-24 12:00:01 - Start ===
=== 2026-07-24 12:00:01 - Brak zdefiniowanego origin i GIT_REMOTE ===
Brak zdalnego repozytorium do wypchnięcia. Ustaw GIT_REMOTE lub dodaj origin ręcznie.
=== 2026-07-25 10:35:01 - Start ===
=== 2026-07-25 10:35:01 - Dodawanie zmian do commita ===
[main 111e533] Automatic commit 2026-07-25 10:35
 2 files changed, 8641 insertions(+)
=== 2026-07-25 10:35:01 - Wysyłanie do origin/main ===
remote: Permission to PawelWoronieckiHkl/eform.git denied to PawelWrHkl.
fatal: brak dostępu do „https://github.com/PawelWoronieckiHkl/eform.git/”: The requested URL returned error: 403
=== 2026-07-25 12:00:01 - Start ===
=== 2026-07-25 12:00:01 - Brak zdefiniowanego origin i GIT_REMOTE ===
Brak zdalnego repozytorium do wypchnięcia. Ustaw GIT_REMOTE lub dodaj origin ręcznie.
=== 2026-07-26 10:35:01 - Start ===
=== 2026-07-26 10:35:01 - Dodawanie zmian do commita ===
[main 8adfc14] Automatic commit 2026-07-26 10:35
 2 files changed, 8644 insertions(+)
=== 2026-07-26 10:35:02 - Wysyłanie do origin/main ===
remote: Permission to PawelWoronieckiHkl/eform.git denied to PawelWrHkl.
fatal: brak dostępu do „https://github.com/PawelWoronieckiHkl/eform.git/”: The requested URL returned error: 403
=== 2026-07-26 12:00:01 - Start ===
=== 2026-07-26 12:00:01 - Brak zdefiniowanego origin i GIT_REMOTE ===
Brak zdalnego repozytorium do wypchnięcia. Ustaw GIT_REMOTE lub dodaj origin ręcznie.
=== 2026-07-27 10:19:13 - Start ===
=== 2026-07-27 10:19:13 - Dodawanie zmian do commita ===
[main a065563] Automatic commit 2026-07-27 10:19
 2 files changed, 8530 insertions(+)
=== 2026-07-27 10:19:14 - Wysyłanie do origin/main ===
remote: Permission to PawelWoronieckiHkl/eform.git denied to PawelWrHkl.
fatal: brak dostępu do „https://github.com/PawelWoronieckiHkl/eform.git/”: The requested URL returned error: 403
=== 2026-07-27 10:20:10 - Start ===
=== 2026-07-27 10:20:10 - Dodawanie zmian do commita ===
[main 530b3ff] Automatic commit 2026-07-27 10:20
 3 files changed, 13 insertions(+)
 create mode 100644 commitlog.txt
=== 2026-07-27 10:20:11 - Wysyłanie do origin/main ===
remote: Permission to PawelWoronieckiHkl/eform.git denied to PawelWrHkl.
fatal: brak dostępu do „https://github.com/PawelWoronieckiHkl/eform.git/”: The requested URL returned error: 403
=== 2026-07-27 10:35:01 - Start ===
=== 2026-07-27 10:35:01 - Dodawanie zmian do commita ===
[main c891b28] Automatic commit 2026-07-27 10:35
 2 files changed, 92 insertions(+)
=== 2026-07-27 10:35:02 - Wysyłanie do origin/main ===
remote: Permission to PawelWoronieckiHkl/eform.git denied to PawelWrHkl.
fatal: brak dostępu do „https://github.com/PawelWoronieckiHkl/eform.git/”: The requested URL returned error: 403
=== 2026-07-27 12:00:01 - Start ===
=== 2026-07-27 12:00:01 - Brak zdefiniowanego origin i GIT_REMOTE ===
Brak zdalnego repozytorium do wypchnięcia. Ustaw GIT_REMOTE lub dodaj origin ręcznie.
=== 2026-07-28 10:35:01 - Start ===
=== 2026-07-28 10:35:01 - Dodawanie zmian do commita ===
[main 0a79361] Automatic commit 2026-07-28 10:35
 6 files changed, 8649 insertions(+), 11 deletions(-)
=== 2026-07-28 10:35:02 - Wysyłanie do origin/main ===
To https://github.com/PawelWoronieckiHkl/eform.git
   c891b28..0a79361  main -> main
Gałąź „main” ustawiona na śledzenie zdalnej gałęzi „main” z „origin”.
=== 2026-07-28 10:35:06 - Koniec ===
=== 2026-07-28 12:00:01 - Start ===
=== 2026-07-28 12:00:01 - Brak zdefiniowanego origin i GIT_REMOTE ===
Brak zdalnego repozytorium do wypchnięcia. Ustaw GIT_REMOTE lub dodaj origin ręcznie.
=== 2026-07-28 14:22:40 - Start ===
=== 2026-07-28 14:22:40 - Dodawanie zmian do commita ===
[main 1510fb3] Automatic commit 2026-07-28 14:22
 6 files changed, 1352 insertions(+), 8 deletions(-)
=== 2026-07-28 14:22:41 - Wysyłanie do origin/main ===
To https://github.com/PawelWoronieckiHkl/eform.git
   0a79361..1510fb3  main -> main
Gałąź „main” ustawiona na śledzenie zdalnej gałęzi „main” z „origin”.
=== 2026-07-28 14:22:45 - Koniec ===
=== 2026-07-28 14:27:58 - Start ===
=== 2026-07-28 14:27:58 - Dodawanie zmian do commita ===
[main 5cd38ec] Automatic commit 2026-07-28 14:27
 2 files changed, 39 insertions(+)
=== 2026-07-28 14:27:59 - Wysyłanie do origin/main ===
remote: Permission to PawelWoronieckiHkl/eform.git denied to PawelWrHkl.
fatal: brak dostępu do „https://github.com/PawelWoronieckiHkl/eform.git/”: The requested URL returned error: 403
=== 2026-07-28 14:29:37 - Start ===
=== 2026-07-28 14:29:37 - Dodawanie zmian do commita ===
[main 14424f8] Automatic commit 2026-07-28 14:29
 2 files changed, 19 insertions(+)
=== 2026-07-28 14:29:38 - Wysyłanie do origin/main ===
remote: Permission to PawelWoronieckiHkl/eform.git denied to PawelWrHkl.
fatal: brak dostępu do „https://github.com/PawelWoronieckiHkl/eform.git/”: The requested URL returned error: 403
=== 2026-07-29 10:35:01 - Start ===
=== 2026-07-29 10:35:01 - Dodawanie zmian do commita ===
[main 7212b5a] Automatic commit 2026-07-29 10:35
 8 files changed, 7126 insertions(+), 54 deletions(-)
=== 2026-07-29 10:35:02 - Wysyłanie do origin/main ===
remote: Permission to PawelWoronieckiHkl/eform.git denied to PawelWrHkl.
fatal: brak dostępu do „https://github.com/PawelWoronieckiHkl/eform.git/”: The requested URL returned error: 403
=== 2026-07-29 12:00:01 - Start ===
=== 2026-07-29 12:00:01 - Brak zdefiniowanego origin i GIT_REMOTE ===
Brak zdalnego repozytorium do wypchnięcia. Ustaw GIT_REMOTE lub dodaj origin ręcznie.
=== 2026-07-30 10:35:01 - Start ===
=== 2026-07-30 10:35:01 - Dodawanie zmian do commita ===
[main 6c129f6] Automatic commit 2026-07-30 10:35
 30 files changed, 9559 insertions(+), 25 deletions(-)
 create mode 100644 services/vatCalculator.js
 create mode 100644 utils/sanitizeFilename.js
=== 2026-07-30 10:35:02 - Wysyłanie do origin/main ===
remote: Permission to PawelWoronieckiHkl/eform.git denied to PawelWrHkl.
fatal: brak dostępu do „https://github.com/PawelWoronieckiHkl/eform.git/”: The requested URL returned error: 403
=== 2026-07-30 12:00:01 - Start ===
=== 2026-07-30 12:00:01 - Brak zdefiniowanego origin i GIT_REMOTE ===
Brak zdalnego repozytorium do wypchnięcia. Ustaw GIT_REMOTE lub dodaj origin ręcznie.
=== 2026-07-31 10:35:01 - Start ===
=== 2026-07-31 10:35:01 - Dodawanie zmian do commita ===
[main 1eceb71] Automatic commit 2026-07-31 10:35
 14 files changed, 8655 insertions(+), 7 deletions(-)
 create mode 100644 public/scripts/formTools/vatLabel.js
=== 2026-07-31 10:35:01 - Wysyłanie do origin/main ===
remote: Permission to PawelWoronieckiHkl/eform.git denied to PawelWrHkl.
fatal: brak dostępu do „https://github.com/PawelWoronieckiHkl/eform.git/”: The requested URL returned error: 403
=== 2026-07-31 12:00:01 - Start ===
=== 2026-07-31 12:00:01 - Brak zdefiniowanego origin i GIT_REMOTE ===
Brak zdalnego repozytorium do wypchnięcia. Ustaw GIT_REMOTE lub dodaj origin ręcznie.
=== 2026-08-01 10:35:01 - Start ===
=== 2026-08-01 10:35:01 - Dodawanie zmian do commita ===
[main abcdbbd] Automatic commit 2026-08-01 10:35
 26 files changed, 9632 insertions(+), 139 deletions(-)
 create mode 100644 _check_css.js
 create mode 100644 services/orderImport/__tests__/twinParamResolver.test.js
 create mode 100644 services/orderImport/twinParamResolver.js
=== 2026-08-01 10:35:02 - Wysyłanie do origin/main ===
remote: Permission to PawelWoronieckiHkl/eform.git denied to PawelWrHkl.
fatal: brak dostępu do „https://github.com/PawelWoronieckiHkl/eform.git/”: The requested URL returned error: 403
=== 2026-08-01 12:00:01 - Start ===
=== 2026-08-01 12:00:01 - Brak zdefiniowanego origin i GIT_REMOTE ===
Brak zdalnego repozytorium do wypchnięcia. Ustaw GIT_REMOTE lub dodaj origin ręcznie.
=== 2026-08-02 10:35:01 - Start ===
=== 2026-08-02 10:35:01 - Dodawanie zmian do commita ===
[main 74fb731] Automatic commit 2026-08-02 10:35
 2 files changed, 8638 insertions(+)
=== 2026-08-02 10:35:01 - Wysyłanie do origin/main ===
remote: Permission to PawelWoronieckiHkl/eform.git denied to PawelWrHkl.
fatal: brak dostępu do „https://github.com/PawelWoronieckiHkl/eform.git/”: The requested URL returned error: 403
=== 2026-08-02 12:00:01 - Start ===
=== 2026-08-02 12:00:01 - Brak zdefiniowanego origin i GIT_REMOTE ===
Brak zdalnego repozytorium do wypchnięcia. Ustaw GIT_REMOTE lub dodaj origin ręcznie.
=== 2026-08-03 10:35:01 - Start ===
=== 2026-08-03 10:35:01 - Dodawanie zmian do commita ===
